{
  "resourceType" : "Bundle",
  "id" : "ec578e60-5ba2-4c5e-b0ad-36b9b2ea4e2e",
  "meta" : {
    "lastUpdated" : "2023-03-03T05:49:08.389+00:00"
  },
  "type" : "collection",
  "entry" : [{
    "fullUrl" : "http://i-tech-uw.github.io/openelis-global-ig/ValueSet/OpenElisSpecimenStatusVS",
    "resource" : {
      "resourceType" : "ValueSet",
      "id" : "OpenElisSpecimenStatusVS",
      "text" : {
        "status" : "generated",
        "div" : "<div xmlns=\"http://www.w3.org/1999/xhtml\"><p>This value set contains 1 concepts</p><p style=\"border: black 1px dotted; background-color: #EEEEEE; padding: 8px; margin-bottom: 8px\">Expansion based on <a href=\"CodeSystem-specimen-status-code-system.html\">Specimen Status v0.1.0 (CodeSystem)</a></p><table class=\"codes\"><tr><td style=\"white-space:nowrap\"><b>Code</b></td><td><b>System</b></td><td><b>Display</b></td><td><b>Definition</b></td></tr><tr><td style=\"white-space:nowrap\"><a name=\"https---i-tech-uw.github.io-openelis-global2-fhir-ig-codesystem-specimen-status-available\"> </a>  <a href=\"CodeSystem-specimen-status-code-system.html#specimen-status-code-system-available\">available</a></td><td>https://i-tech-uw.github.io/openelis-global2-fhir-ig/codesystem-specimen-status</td><td>Available</td><td><div><p>The physical specimen is present and in good condition.</p>\n</div></td></tr></table></div>"
      },
      "url" : "http://i-tech-uw.github.io/openelis-global-ig/ValueSet/OpenElisSpecimenStatusVS",
      "version" : "0.1.0",
      "name" : "OpenElisSpecimenStatusVS",
      "title" : "Specimen status Valueset",
      "status" : "active",
      "date" : "2023-03-03T05:49:08+00:00",
      "contact" : [{
        "name" : "I-TECH-UW",
        "telecom" : [{
          "system" : "url",
          "value" : "www.github.com/i-tech-uw"
        }]
      }],
      "description" : "Specimen status Valueset",
      "expansion" : {
        "identifier" : "urn:uuid:e1d2428a-7991-4668-a1bb-645d216cc447",
        "timestamp" : "2023-03-03T05:49:33+00:00",
        "total" : 1,
        "parameter" : [{
          "name" : "excludeNested",
          "valueBoolean" : false
        },
        {
          "name" : "version",
          "valueUri" : "https://i-tech-uw.github.io/openelis-global2-fhir-ig/codesystem-specimen-status|0.1.0"
        }],
        "contains" : [{
          "system" : "https://i-tech-uw.github.io/openelis-global2-fhir-ig/codesystem-specimen-status",
          "code" : "available",
          "display" : "Available"
        }]
      }
    }
  },
  {
    "fullUrl" : "http://i-tech-uw.github.io/openelis-global-ig/ValueSet/open-elis-service-request-priority-vs",
    "resource" : {
      "resourceType" : "ValueSet",
      "id" : "open-elis-service-request-priority-vs",
      "text" : {
        "status" : "generated",
        "div" : "<div xmlns=\"http://www.w3.org/1999/xhtml\"><p>This value set contains 1 concepts</p><p style=\"border: black 1px dotted; background-color: #EEEEEE; padding: 8px; margin-bottom: 8px\">Expansion based on <a href=\"CodeSystem-service-request-priority-code-system.html\">Service Request priority v0.1.0 (CodeSystem)</a></p><table class=\"codes\"><tr><td style=\"white-space:nowrap\"><b>Code</b></td><td><b>System</b></td><td><b>Display</b></td><td><b>Definition</b></td></tr><tr><td style=\"white-space:nowrap\"><a name=\"https---i-tech-uw.github.io-openelis-global2-fhir-ig-codesystem-service-request-priority-routine\"> </a>  <a href=\"CodeSystem-service-request-priority-code-system.html#service-request-priority-code-system-routine\">routine</a></td><td>https://i-tech-uw.github.io/openelis-global2-fhir-ig/codesystem-service-request-priority</td><td>Routine</td><td><div><p>The request has normal priority.</p>\n</div></td></tr></table></div>"
      },
      "url" : "http://i-tech-uw.github.io/openelis-global-ig/ValueSet/open-elis-service-request-priority-vs",
      "version" : "0.1.0",
      "name" : "OpenElisServiceRequestPriorityVs",
      "title" : "Service Request priority Valueset",
      "status" : "active",
      "date" : "2023-03-03T05:49:08+00:00",
      "contact" : [{
        "name" : "I-TECH-UW",
        "telecom" : [{
          "system" : "url",
          "value" : "www.github.com/i-tech-uw"
        }]
      }],
      "description" : "OpenElis Service Request Priority Valueset",
      "expansion" : {
        "identifier" : "urn:uuid:e48e19ff-866e-409f-90fb-9a15a1e1e68f",
        "timestamp" : "2023-03-03T05:49:35+00:00",
        "total" : 1,
        "parameter" : [{
          "name" : "excludeNested",
          "valueBoolean" : false
        },
        {
          "name" : "version",
          "valueUri" : "https://i-tech-uw.github.io/openelis-global2-fhir-ig/codesystem-service-request-priority|0.1.0"
        }],
        "contains" : [{
          "system" : "https://i-tech-uw.github.io/openelis-global2-fhir-ig/codesystem-service-request-priority",
          "code" : "routine",
          "display" : "Routine"
        }]
      }
    }
  },
  {
    "fullUrl" : "http://i-tech-uw.github.io/openelis-global-ig/ValueSet/open-elis-service-request-status-vs",
    "resource" : {
      "resourceType" : "ValueSet",
      "id" : "open-elis-service-request-status-vs",
      "text" : {
        "status" : "generated",
        "div" : "<div xmlns=\"http://www.w3.org/1999/xhtml\"><p>This value set contains 3 concepts</p><p style=\"border: black 1px dotted; background-color: #EEEEEE; padding: 8px; margin-bottom: 8px\">Expansion based on <a href=\"CodeSystem-service-request-status-code-system.html\">Service Request Status v0.1.0 (CodeSystem)</a></p><table class=\"codes\"><tr><td style=\"white-space:nowrap\"><b>Code</b></td><td><b>System</b></td><td><b>Display</b></td><td><b>Definition</b></td></tr><tr><td style=\"white-space:nowrap\"><a name=\"https---i-tech-uw.github.io-openelis-global2-fhir-ig-codesystem-service-request-status-active\"> </a>  <a href=\"CodeSystem-service-request-status-code-system.html#service-request-status-code-system-active\">active</a></td><td>https://i-tech-uw.github.io/openelis-global2-fhir-ig/codesystem-service-request-status</td><td>Active</td><td><div><p>The request is in force and ready to be acted upon.</p>\n</div></td></tr><tr><td style=\"white-space:nowrap\"><a name=\"https---i-tech-uw.github.io-openelis-global2-fhir-ig-codesystem-service-request-status-completed\"> </a>  <a href=\"CodeSystem-service-request-status-code-system.html#service-request-status-code-system-completed\">completed</a></td><td>https://i-tech-uw.github.io/openelis-global2-fhir-ig/codesystem-service-request-status</td><td>Completed</td><td><div><pre><code>The activity described by the request has been fully performed. No further activity will occur.\n</code></pre>\n</div></td></tr><tr><td style=\"white-space:nowrap\"><a name=\"https---i-tech-uw.github.io-openelis-global2-fhir-ig-codesystem-service-request-status-revoked\"> </a>  <a href=\"CodeSystem-service-request-status-code-system.html#service-request-status-code-system-revoked\">revoked</a></td><td>https://i-tech-uw.github.io/openelis-global2-fhir-ig/codesystem-service-request-status</td><td>Revoked</td><td><div><p>The request (and any implicit authorization to act) has been terminated prior to the known full completion of the intended actions. No further activity should occur.</p>\n</div></td></tr></table></div>"
      },
      "url" : "http://i-tech-uw.github.io/openelis-global-ig/ValueSet/open-elis-service-request-status-vs",
      "version" : "0.1.0",
      "name" : "OpenElisServiceRequestStatusVs",
      "title" : "Service Request Status Valueset",
      "status" : "active",
      "date" : "2023-03-03T05:49:08+00:00",
      "contact" : [{
        "name" : "I-TECH-UW",
        "telecom" : [{
          "system" : "url",
          "value" : "www.github.com/i-tech-uw"
        }]
      }],
      "description" : "OpenElis Service Request Status Valueset",
      "expansion" : {
        "identifier" : "urn:uuid:466a1dc9-cb64-498f-ae8b-c2996f54f8c0",
        "timestamp" : "2023-03-03T05:49:35+00:00",
        "total" : 3,
        "parameter" : [{
          "name" : "excludeNested",
          "valueBoolean" : false
        },
        {
          "name" : "version",
          "valueUri" : "https://i-tech-uw.github.io/openelis-global2-fhir-ig/codesystem-service-request-status|0.1.0"
        }],
        "contains" : [{
          "system" : "https://i-tech-uw.github.io/openelis-global2-fhir-ig/codesystem-service-request-status",
          "code" : "active",
          "display" : "Active"
        },
        {
          "system" : "https://i-tech-uw.github.io/openelis-global2-fhir-ig/codesystem-service-request-status",
          "code" : "completed",
          "display" : "Completed"
        },
        {
          "system" : "https://i-tech-uw.github.io/openelis-global2-fhir-ig/codesystem-service-request-status",
          "code" : "revoked",
          "display" : "Revoked"
        }]
      }
    }
  },
  {
    "fullUrl" : "http://i-tech-uw.github.io/openelis-global-ig/ValueSet/OpenELISTaskStatusVS",
    "resource" : {
      "resourceType" : "ValueSet",
      "id" : "OpenELISTaskStatusVS",
      "text" : {
        "status" : "generated",
        "div" : "<div xmlns=\"http://www.w3.org/1999/xhtml\"><p>This value set contains 3 concepts</p><p style=\"border: black 1px dotted; background-color: #EEEEEE; padding: 8px; margin-bottom: 8px\">Expansion based on <a href=\"CodeSystem-task-status-code-system.html\">Task Status v0.1.0 (CodeSystem)</a></p><table class=\"codes\"><tr><td style=\"white-space:nowrap\"><b>Code</b></td><td><b>System</b></td><td><b>Display</b></td><td><b>Definition</b></td></tr><tr><td style=\"white-space:nowrap\"><a name=\"https---i-tech-uw.github.io-openelis-global2-fhir-ig-codesystem-task-status-ready\"> </a>  <a href=\"CodeSystem-task-status-code-system.html#task-status-code-system-ready\">ready</a></td><td>https://i-tech-uw.github.io/openelis-global2-fhir-ig/codesystem-task-status</td><td>Ready</td><td><div><p>The task is ready to be performed, but no action has yet been taken</p>\n</div></td></tr><tr><td style=\"white-space:nowrap\"><a name=\"https---i-tech-uw.github.io-openelis-global2-fhir-ig-codesystem-task-status-in-progress\"> </a>  <a href=\"CodeSystem-task-status-code-system.html#task-status-code-system-in-progress\">in-progress</a></td><td>https://i-tech-uw.github.io/openelis-global2-fhir-ig/codesystem-task-status</td><td>In Pregress</td><td><div><p>The task has been started but is not yet complete.</p>\n</div></td></tr><tr><td style=\"white-space:nowrap\"><a name=\"https---i-tech-uw.github.io-openelis-global2-fhir-ig-codesystem-task-status-completed\"> </a>  <a href=\"CodeSystem-task-status-code-system.html#task-status-code-system-completed\">completed</a></td><td>https://i-tech-uw.github.io/openelis-global2-fhir-ig/codesystem-task-status</td><td>The task has been completed.</td><td><div><p>The task has been completed.</p>\n</div></td></tr></table></div>"
      },
      "url" : "http://i-tech-uw.github.io/openelis-global-ig/ValueSet/OpenELISTaskStatusVS",
      "version" : "0.1.0",
      "name" : "OpenELISTaskStatusVS",
      "title" : "Task Status Valueset",
      "status" : "active",
      "date" : "2023-03-03T05:49:08+00:00",
      "contact" : [{
        "name" : "I-TECH-UW",
        "telecom" : [{
          "system" : "url",
          "value" : "www.github.com/i-tech-uw"
        }]
      }],
      "description" : "Task Status Valueset",
      "expansion" : {
        "identifier" : "urn:uuid:4d4df76e-630b-4388-b006-be495df9ebe1",
        "timestamp" : "2023-03-03T05:49:36+00:00",
        "total" : 3,
        "parameter" : [{
          "name" : "excludeNested",
          "valueBoolean" : false
        },
        {
          "name" : "version",
          "valueUri" : "https://i-tech-uw.github.io/openelis-global2-fhir-ig/codesystem-task-status|0.1.0"
        }],
        "contains" : [{
          "system" : "https://i-tech-uw.github.io/openelis-global2-fhir-ig/codesystem-task-status",
          "code" : "ready",
          "display" : "Ready"
        },
        {
          "system" : "https://i-tech-uw.github.io/openelis-global2-fhir-ig/codesystem-task-status",
          "code" : "in-progress",
          "display" : "In Pregress"
        },
        {
          "system" : "https://i-tech-uw.github.io/openelis-global2-fhir-ig/codesystem-task-status",
          "code" : "completed",
          "display" : "The task has been completed."
        }]
      }
    }
  },
  {
    "fullUrl" : "http://i-tech-uw.github.io/openelis-global-ig/ValueSet/OpenELISObservationVS",
    "resource" : {
      "resourceType" : "ValueSet",
      "id" : "OpenELISObservationVS",
      "text" : {
        "status" : "generated",
        "div" : "<div xmlns=\"http://www.w3.org/1999/xhtml\"><p>This value set contains 3 concepts</p><p style=\"border: black 1px dotted; background-color: #EEEEEE; padding: 8px; margin-bottom: 8px\">Expansion based on <a href=\"CodeSystem-obs-status-cs.html\">ObservationStatus v0.1.0 (CodeSystem)</a></p><table class=\"codes\"><tr><td style=\"white-space:nowrap\"><b>Code</b></td><td><b>System</b></td><td><b>Display</b></td><td><b>Definition</b></td></tr><tr><td style=\"white-space:nowrap\"><a name=\"https---i-tech-uw.github.io-openelis-global2-fhir-ig-codesystem-observation-status-unknown\"> </a>  <a href=\"CodeSystem-obs-status-cs.html#obs-status-cs-unknown\">unknown</a></td><td>https://i-tech-uw.github.io/openelis-global2-fhir-ig/codesystem-observation-status</td><td>Unknown</td><td><div><p>The authoring/source system does not know which of the status values currently applies for this observation. Note: This concept is not to be used for &quot;other&quot; - one of the listed statuses is presumed to apply, but the authoring/source system does not know which.</p>\n</div></td></tr><tr><td style=\"white-space:nowrap\"><a name=\"https---i-tech-uw.github.io-openelis-global2-fhir-ig-codesystem-observation-status-final\"> </a>  <a href=\"CodeSystem-obs-status-cs.html#obs-status-cs-final\">final</a></td><td>https://i-tech-uw.github.io/openelis-global2-fhir-ig/codesystem-observation-status</td><td>Final</td><td><div><p>The observation is complete and there are no further actions needed. Additional information such &quot;released&quot;, &quot;signed&quot;, etc would be represented using <a href=\"provenance.html\">Provenance</a> which provides not only the act but also the actors and dates and other related data. These act states would be associated with an observation status of <code>preliminary</code> until they are all completed and then a status of <code>final</code> would be applied.</p>\n</div></td></tr><tr><td style=\"white-space:nowrap\"><a name=\"https---i-tech-uw.github.io-openelis-global2-fhir-ig-codesystem-observation-status-preliminary\"> </a>  <a href=\"CodeSystem-obs-status-cs.html#obs-status-cs-preliminary\">preliminary</a></td><td>https://i-tech-uw.github.io/openelis-global2-fhir-ig/codesystem-observation-status</td><td>Preliminary</td><td><div><p>This is an initial or interim observation: data may be incomplete or unverified.</p>\n</div></td></tr></table></div>"
      },
      "url" : "http://i-tech-uw.github.io/openelis-global-ig/ValueSet/OpenELISObservationVS",
      "version" : "0.1.0",
      "name" : "OpenELISObservationVS",
      "title" : "Observation Intent Valueset",
      "status" : "active",
      "date" : "2023-03-03T05:49:08+00:00",
      "contact" : [{
        "name" : "I-TECH-UW",
        "telecom" : [{
          "system" : "url",
          "value" : "www.github.com/i-tech-uw"
        }]
      }],
      "description" : "Observation Intent Valueset",
      "expansion" : {
        "identifier" : "urn:uuid:671474e7-ad84-4527-b7d2-47d960642b76",
        "timestamp" : "2023-03-03T05:49:36+00:00",
        "total" : 3,
        "parameter" : [{
          "name" : "excludeNested",
          "valueBoolean" : false
        },
        {
          "name" : "version",
          "valueUri" : "https://i-tech-uw.github.io/openelis-global2-fhir-ig/codesystem-observation-status|0.1.0"
        }],
        "contains" : [{
          "system" : "https://i-tech-uw.github.io/openelis-global2-fhir-ig/codesystem-observation-status",
          "code" : "unknown",
          "display" : "Unknown"
        },
        {
          "system" : "https://i-tech-uw.github.io/openelis-global2-fhir-ig/codesystem-observation-status",
          "code" : "final",
          "display" : "Final"
        },
        {
          "system" : "https://i-tech-uw.github.io/openelis-global2-fhir-ig/codesystem-observation-status",
          "code" : "preliminary",
          "display" : "Preliminary"
        }]
      }
    }
  },
  {
    "fullUrl" : "http://i-tech-uw.github.io/openelis-global-ig/ValueSet/open-elis-service-request-intent-vs",
    "resource" : {
      "resourceType" : "ValueSet",
      "id" : "open-elis-service-request-intent-vs",
      "text" : {
        "status" : "generated",
        "div" : "<div xmlns=\"http://www.w3.org/1999/xhtml\"><p>This value set contains 2 concepts</p><p style=\"border: black 1px dotted; background-color: #EEEEEE; padding: 8px; margin-bottom: 8px\">Expansion based on <a href=\"CodeSystem-task-intent-code-system.html\">Task Intent v0.1.0 (CodeSystem)</a></p><table class=\"codes\"><tr><td style=\"white-space:nowrap\"><b>Code</b></td><td><b>System</b></td><td><b>Display</b></td><td><b>Definition</b></td></tr><tr><td style=\"white-space:nowrap\"><a name=\"https---i-tech-uw.github.io-openelis-global2-fhir-ig-codesystem-task-intent-order\"> </a>  <a href=\"CodeSystem-task-intent-code-system.html#task-intent-code-system-order\">order</a></td><td>https://i-tech-uw.github.io/openelis-global2-fhir-ig/codesystem-task-intent</td><td>Order</td><td><div><p>The request represents a request/demand and authorization for action by a Practitioner.</p>\n</div></td></tr><tr><td style=\"white-space:nowrap\"><a name=\"https---i-tech-uw.github.io-openelis-global2-fhir-ig-codesystem-task-intent-original-order\"> </a>  <a href=\"CodeSystem-task-intent-code-system.html#task-intent-code-system-original-order\">original-order</a></td><td>https://i-tech-uw.github.io/openelis-global2-fhir-ig/codesystem-task-intent</td><td>Original-Order</td><td><div><p>The request represents an original authorization for action.</p>\n</div></td></tr></table></div>"
      },
      "url" : "http://i-tech-uw.github.io/openelis-global-ig/ValueSet/open-elis-service-request-intent-vs",
      "version" : "0.1.0",
      "name" : "OpenElisServiceRequestIntentVs",
      "title" : "Service Request Intent Valueset",
      "status" : "active",
      "date" : "2023-03-03T05:49:08+00:00",
      "contact" : [{
        "name" : "I-TECH-UW",
        "telecom" : [{
          "system" : "url",
          "value" : "www.github.com/i-tech-uw"
        }]
      }],
      "description" : "OpenElis Service Request Intent Valueset",
      "expansion" : {
        "identifier" : "urn:uuid:73388638-5e6c-474a-8db7-05c6a9587bd3",
        "timestamp" : "2023-03-03T05:49:36+00:00",
        "total" : 2,
        "parameter" : [{
          "name" : "excludeNested",
          "valueBoolean" : false
        },
        {
          "name" : "version",
          "valueUri" : "https://i-tech-uw.github.io/openelis-global2-fhir-ig/codesystem-task-intent|0.1.0"
        }],
        "contains" : [{
          "system" : "https://i-tech-uw.github.io/openelis-global2-fhir-ig/codesystem-task-intent",
          "code" : "order",
          "display" : "Order"
        },
        {
          "system" : "https://i-tech-uw.github.io/openelis-global2-fhir-ig/codesystem-task-intent",
          "code" : "original-order",
          "display" : "Original-Order"
        }]
      }
    }
  },
  {
    "fullUrl" : "http://i-tech-uw.github.io/openelis-global-ig/ValueSet/OpenELISTaskIntentVS",
    "resource" : {
      "resourceType" : "ValueSet",
      "id" : "OpenELISTaskIntentVS",
      "text" : {
        "status" : "generated",
        "div" : "<div xmlns=\"http://www.w3.org/1999/xhtml\"><p>This value set contains 2 concepts</p><p style=\"border: black 1px dotted; background-color: #EEEEEE; padding: 8px; margin-bottom: 8px\">Expansion based on <a href=\"CodeSystem-task-intent-code-system.html\">Task Intent v0.1.0 (CodeSystem)</a></p><table class=\"codes\"><tr><td style=\"white-space:nowrap\"><b>Code</b></td><td><b>System</b></td><td><b>Display</b></td><td><b>Definition</b></td></tr><tr><td style=\"white-space:nowrap\"><a name=\"https---i-tech-uw.github.io-openelis-global2-fhir-ig-codesystem-task-intent-order\"> </a>  <a href=\"CodeSystem-task-intent-code-system.html#task-intent-code-system-order\">order</a></td><td>https://i-tech-uw.github.io/openelis-global2-fhir-ig/codesystem-task-intent</td><td>Order</td><td><div><p>The request represents a request/demand and authorization for action by a Practitioner.</p>\n</div></td></tr><tr><td style=\"white-space:nowrap\"><a name=\"https---i-tech-uw.github.io-openelis-global2-fhir-ig-codesystem-task-intent-original-order\"> </a>  <a href=\"CodeSystem-task-intent-code-system.html#task-intent-code-system-original-order\">original-order</a></td><td>https://i-tech-uw.github.io/openelis-global2-fhir-ig/codesystem-task-intent</td><td>Original-Order</td><td><div><p>The request represents an original authorization for action.</p>\n</div></td></tr></table></div>"
      },
      "url" : "http://i-tech-uw.github.io/openelis-global-ig/ValueSet/OpenELISTaskIntentVS",
      "version" : "0.1.0",
      "name" : "OpenELISTaskIntentVS",
      "title" : "Task Intent Valueset",
      "status" : "active",
      "date" : "2023-03-03T05:49:08+00:00",
      "contact" : [{
        "name" : "I-TECH-UW",
        "telecom" : [{
          "system" : "url",
          "value" : "www.github.com/i-tech-uw"
        }]
      }],
      "description" : "Task Intent Valueset",
      "expansion" : {
        "identifier" : "urn:uuid:a4b3425b-f33c-4a8b-be2b-d7d2e6ede140",
        "timestamp" : "2023-03-03T05:49:37+00:00",
        "total" : 2,
        "parameter" : [{
          "name" : "excludeNested",
          "valueBoolean" : false
        },
        {
          "name" : "version",
          "valueUri" : "https://i-tech-uw.github.io/openelis-global2-fhir-ig/codesystem-task-intent|0.1.0"
        }],
        "contains" : [{
          "system" : "https://i-tech-uw.github.io/openelis-global2-fhir-ig/codesystem-task-intent",
          "code" : "order",
          "display" : "Order"
        },
        {
          "system" : "https://i-tech-uw.github.io/openelis-global2-fhir-ig/codesystem-task-intent",
          "code" : "original-order",
          "display" : "Original-Order"
        }]
      }
    }
  },
  {
    "fullUrl" : "http://i-tech-uw.github.io/openelis-global-ig/ValueSet/open-elis-diagnostic-report--status-vs",
    "resource" : {
      "resourceType" : "ValueSet",
      "id" : "open-elis-diagnostic-report--status-vs",
      "text" : {
        "status" : "generated",
        "div" : "<div xmlns=\"http://www.w3.org/1999/xhtml\"><p>This value set contains 4 concepts</p><p style=\"border: black 1px dotted; background-color: #EEEEEE; padding: 8px; margin-bottom: 8px\">Expansion based on <a href=\"CodeSystem-diagnostic-report--status-code-system.html\">Diagnostic Report Status v0.1.0 (CodeSystem)</a></p><table class=\"codes\"><tr><td style=\"white-space:nowrap\"><b>Code</b></td><td><b>System</b></td><td><b>Display</b></td><td><b>Definition</b></td></tr><tr><td style=\"white-space:nowrap\"><a name=\"https---i-tech-uw.github.io-openelis-global2-fhir-ig-codesystem-diagnostic-report-status-final\"> </a>  <a href=\"CodeSystem-diagnostic-report--status-code-system.html#diagnostic-report--status-code-system-final\">final</a></td><td>https://i-tech-uw.github.io/openelis-global2-fhir-ig/codesystem-diagnostic-report-status</td><td>Final</td><td><div><p>The report is complete and verified by an authorized person.</p>\n</div></td></tr><tr><td style=\"white-space:nowrap\"><a name=\"https---i-tech-uw.github.io-openelis-global2-fhir-ig-codesystem-diagnostic-report-status-preliminary\"> </a>  <a href=\"CodeSystem-diagnostic-report--status-code-system.html#diagnostic-report--status-code-system-preliminary\">preliminary</a></td><td>https://i-tech-uw.github.io/openelis-global2-fhir-ig/codesystem-diagnostic-report-status</td><td>Preliminary</td><td><div><p>Verified early results are available, but not all results are final.</p>\n</div></td></tr><tr><td style=\"white-space:nowrap\"><a name=\"https---i-tech-uw.github.io-openelis-global2-fhir-ig-codesystem-diagnostic-report-status-registered\"> </a>  <a href=\"CodeSystem-diagnostic-report--status-code-system.html#diagnostic-report--status-code-system-registered\">registered</a></td><td>https://i-tech-uw.github.io/openelis-global2-fhir-ig/codesystem-diagnostic-report-status</td><td>Registered</td><td><div><p>The existence of the report is registered, but there is nothing yet available.</p>\n</div></td></tr><tr><td style=\"white-space:nowrap\"><a name=\"https---i-tech-uw.github.io-openelis-global2-fhir-ig-codesystem-diagnostic-report-status-unknown\"> </a>  <a href=\"CodeSystem-diagnostic-report--status-code-system.html#diagnostic-report--status-code-system-unknown\">unknown</a></td><td>https://i-tech-uw.github.io/openelis-global2-fhir-ig/codesystem-diagnostic-report-status</td><td>Unknown</td><td><div><p>The authoring/source system does not know which of the status values currently applies for this observation. Note: This concept is not to be used for &quot;other&quot; - one of the listed statuses is presumed to apply, but the authoring/source system does not know which.</p>\n</div></td></tr></table></div>"
      },
      "url" : "http://i-tech-uw.github.io/openelis-global-ig/ValueSet/open-elis-diagnostic-report--status-vs",
      "version" : "0.1.0",
      "name" : "OpenElisDiagnosticReportStatusVs",
      "title" : "Diagnostic Report Status Valueset",
      "status" : "active",
      "date" : "2023-03-03T05:49:08+00:00",
      "contact" : [{
        "name" : "I-TECH-UW",
        "telecom" : [{
          "system" : "url",
          "value" : "www.github.com/i-tech-uw"
        }]
      }],
      "description" : "OpenElis Diagnostic Report Status Valueset",
      "expansion" : {
        "identifier" : "urn:uuid:7634b46b-f67b-44c1-82a9-73cb5edb6bf2",
        "timestamp" : "2023-03-03T05:49:38+00:00",
        "total" : 4,
        "parameter" : [{
          "name" : "excludeNested",
          "valueBoolean" : false
        },
        {
          "name" : "version",
          "valueUri" : "https://i-tech-uw.github.io/openelis-global2-fhir-ig/codesystem-diagnostic-report-status|0.1.0"
        }],
        "contains" : [{
          "system" : "https://i-tech-uw.github.io/openelis-global2-fhir-ig/codesystem-diagnostic-report-status",
          "code" : "final",
          "display" : "Final"
        },
        {
          "system" : "https://i-tech-uw.github.io/openelis-global2-fhir-ig/codesystem-diagnostic-report-status",
          "code" : "preliminary",
          "display" : "Preliminary"
        },
        {
          "system" : "https://i-tech-uw.github.io/openelis-global2-fhir-ig/codesystem-diagnostic-report-status",
          "code" : "registered",
          "display" : "Registered"
        },
        {
          "system" : "https://i-tech-uw.github.io/openelis-global2-fhir-ig/codesystem-diagnostic-report-status",
          "code" : "unknown",
          "display" : "Unknown"
        }]
      }
    }
  }]
}