Source File	Size	loadResources	load	generateSnapshots	load-configure	scan	loadDepInfo	loadInfo	checkR4R4B	generateNarratives	validate	loadLists	checkConformanceResources	checkConformanceResources2	checkConformanceResources3	generateLogicalMaps	validateExpressions	scanForUsageStats	checkURLsUnique	processProvenanceDetails	translate	generate1	generate2	generateLogicals	makeDependencies	generateExampleZip	generateValidationPack	scanProfilesForR5	scanExamplesForR5
/fsh-generated/resources/ImplementationGuide-org.openelisglobal.fhir.json	37505	-	0	0	0	0	0	0	17	72	0	0	0	0	0	0	0	1	0	0	0	219	349	0	0	0	7	0	2
fsh-generated/resources/CapabilityStatement-OpenELISFhirServer.json	19341	4	0	0	2	0	0	0	3	46	0	0	0	0	0	0	0	0	0	0	0	90	124	0	0	0	3	0	0
fsh-generated/resources/CodeSystem-oe-analyzer-operational-status.json	1496	1	0	0	0	0	0	0	0	8	0	0	0	0	0	0	0	0	0	0	0	18	114	0	0	0	1	0	0
fsh-generated/resources/Device-ff2b5d6a-ff46-5f20-b254-4eaa0615d555.json	1629	2	0	0	0	0	0	0	1	291	0	0	0	0	0	0	0	0	0	0	0	17	30	0	0	0	0	0	0
fsh-generated/resources/DiagnosticReport-3b2c3407-5430-5878-9c61-c4c9b9c013c4.json	1281	1	0	0	0	0	0	0	0	4	0	0	0	0	0	0	0	0	0	0	0	15	44	0	0	0	0	0	0
fsh-generated/resources/DiagnosticReport-48549f60-c400-5510-97da-2e2497627e81.json	1250	0	0	0	0	0	0	0	0	2	0	0	0	0	0	0	0	1	0	0	0	14	31	0	0	0	0	0	0
fsh-generated/resources/Location-1fa151e6-afa2-531c-b70c-fd63b88c10f0.json	910	1	0	0	0	0	0	0	0	41	0	0	0	0	0	0	0	0	0	0	0	13	26	0	0	0	0	0	0
fsh-generated/resources/Location-3d2a1373-14d8-5bef-ae7e-817917e5a4fd.json	1938	2	0	0	0	0	0	0	0	8	0	0	0	0	0	0	0	0	0	0	0	16	30	0	0	0	0	0	0
fsh-generated/resources/Location-5a9cc354-9495-5090-91d7-b67b0d2ef5dc.json	786	1	0	0	0	0	0	0	0	6	0	0	0	0	0	0	0	0	0	0	0	13	25	0	0	0	0	0	0
fsh-generated/resources/Location-613ff118-ceeb-5472-9793-dc241d0d032c.json	1609	1	0	0	0	0	0	0	1	6	0	0	0	0	0	0	0	0	0	0	0	14	20	0	0	0	0	0	0
fsh-generated/resources/Location-8264f454-03c2-597b-996d-b9ea0998f326.json	945	1	0	0	0	0	0	0	0	6	0	0	0	0	0	0	0	0	0	0	0	12	15	0	0	0	0	0	0
fsh-generated/resources/NamingSystem-oe-ns-analysis-result-uuid.json	522	1	13	0	0	0	0	0	0	4	236	0	0	0	0	0	0	0	0	0	0	15	17	0	0	0	0	0	0
fsh-generated/resources/NamingSystem-oe-ns-analysis-uuid.json	466	0	2	0	0	0	0	0	0	2	15	0	0	0	0	0	0	0	0	0	0	9	15	0	0	0	0	0	0
fsh-generated/resources/NamingSystem-oe-ns-analyzer-bridge-connection.json	571	1	2	0	0	0	0	0	0	2	15	0	0	0	0	0	0	0	0	0	0	10	16	0	0	0	0	0	0
fsh-generated/resources/NamingSystem-oe-ns-analyzer-uuid.json	443	0	2	0	0	0	0	0	1	1	13	0	0	0	0	0	0	0	0	0	0	10	15	0	0	0	1	0	0
fsh-generated/resources/NamingSystem-oe-ns-facility-id.json	535	0	2	0	0	0	0	0	0	2	12	0	0	0	0	0	0	0	0	0	0	10	16	0	0	0	0	0	0
fsh-generated/resources/NamingSystem-oe-ns-order-accession.json	474	1	2	0	0	0	0	0	0	2	12	0	0	0	0	0	0	0	0	0	0	9	16	0	0	0	0	0	0
fsh-generated/resources/NamingSystem-oe-ns-order-uuid.json	438	0	1	0	1	0	0	0	0	1	11	0	0	0	0	0	0	0	0	0	0	10	15	0	0	0	0	0	0
fsh-generated/resources/NamingSystem-oe-ns-org-clianum.json	462	1	2	0	0	0	0	0	0	2	11	0	0	0	0	0	0	0	0	0	0	9	15	0	0	0	1	0	0
fsh-generated/resources/NamingSystem-oe-ns-org-code.json	429	0	1	0	0	0	0	0	1	2	11	0	0	0	0	0	0	0	0	0	0	12	16	0	0	0	0	0	0
fsh-generated/resources/NamingSystem-oe-ns-org-shortname.json	450	1	2	0	0	0	0	0	0	1	10	0	0	0	0	0	0	0	0	0	0	10	16	0	0	0	0	0	0
fsh-generated/resources/NamingSystem-oe-ns-org-uuid.json	422	0	1	0	0	0	0	0	0	2	11	0	0	0	0	0	0	0	0	0	0	9	15	0	0	0	0	0	0
fsh-generated/resources/NamingSystem-oe-ns-pat-guid.json	478	0	1	0	0	0	0	0	0	3	10	0	0	0	0	0	0	0	0	0	0	14	16	0	0	0	1	0	0
fsh-generated/resources/NamingSystem-oe-ns-pat-national-id.json	479	1	2	0	0	0	0	0	0	2	10	0	0	0	0	0	0	0	0	0	0	13	15	0	0	0	0	0	0
fsh-generated/resources/NamingSystem-oe-ns-pat-st-number.json	426	0	1	0	0	0	0	0	1	1	10	0	0	0	0	0	0	0	0	0	0	13	15	0	0	0	0	0	0
fsh-generated/resources/NamingSystem-oe-ns-pat-subject-number.json	467	1	2	0	0	0	0	0	0	2	9	0	0	0	0	0	0	0	0	0	0	13	16	0	0	0	0	0	0
fsh-generated/resources/NamingSystem-oe-ns-pat-uuid.json	440	0	1	0	0	0	0	0	0	2	10	0	0	0	0	0	0	0	0	0	0	13	15	0	0	0	1	0	1
fsh-generated/resources/NamingSystem-oe-ns-provider-uuid.json	449	1	1	0	0	0	0	0	0	1	9	0	0	0	0	0	0	0	0	0	0	14	15	0	0	0	0	0	0
fsh-generated/resources/NamingSystem-oe-ns-result-uuid.json	440	0	1	0	0	0	0	0	0	4	15	0	0	0	0	0	0	0	0	0	0	12	14	0	0	0	0	0	0
fsh-generated/resources/NamingSystem-oe-ns-samp-labno.json	466	0	1	0	0	0	0	0	0	2	10	0	0	0	0	0	0	0	0	0	0	13	14	0	0	0	0	0	0
fsh-generated/resources/NamingSystem-oe-ns-sampleitem-labno.json	531	1	1	0	0	0	0	0	1	2	9	0	0	0	0	0	0	0	0	0	0	14	14	0	0	0	0	0	0
fsh-generated/resources/NamingSystem-oe-ns-sampleitem-uuid.json	465	0	2	0	0	0	0	0	0	2	10	0	0	0	0	0	0	0	0	0	0	9	14	0	0	0	1	0	0
fsh-generated/resources/NamingSystem-oe-ns-shipment-box-id.json	448	1	1	0	0	0	0	0	0	2	9	0	0	0	0	0	0	0	0	0	0	10	14	0	0	0	0	0	0
fsh-generated/resources/NamingSystem-oe-ns-storage-location-code.json	510	0	2	0	0	0	0	0	0	3	9	0	0	0	0	0	0	0	0	0	0	12	14	0	0	0	0	0	0
fsh-generated/resources/Observation-8330c79d-ccd9-5ef4-876d-2b176e5e86a5.json	1547	1	0	0	0	0	0	0	1	7	0	0	0	0	0	0	0	0	0	0	0	15	27	0	0	0	0	0	0
fsh-generated/resources/Observation-b73bf11f-06ff-55ad-935d-476bc270350a.json	1459	1	0	0	0	0	0	0	0	8	0	0	0	0	0	0	0	0	0	0	0	15	21	0	0	0	0	0	0
fsh-generated/resources/Organization-32a104cd-6337-5d1b-b1a9-6849e98b2200.json	921	1	0	0	0	0	0	0	0	1	0	0	0	0	0	0	0	0	0	0	0	11	15	0	0	0	0	0	0
fsh-generated/resources/Organization-a845f2db-10e5-5117-ac75-553f615e301a.json	577	1	0	0	0	0	0	0	0	1	0	0	0	0	0	0	0	0	0	0	0	10	11	0	0	0	0	0	0
fsh-generated/resources/Organization-d3619aef-5abf-5b4f-a76c-06f378deca13.json	1128	1	0	0	0	0	0	0	0	7	0	0	0	0	0	0	0	0	0	0	0	11	13	0	0	0	0	0	0
fsh-generated/resources/Patient-5b6f3f86-2a44-4c3c-9d0c-6f0c4a2d7e11.json	1463	1	0	0	1	0	0	0	0	65	0	0	0	0	0	0	0	0	0	0	0	14	21	0	0	0	0	0	0
fsh-generated/resources/Practitioner-0f1c6d3a-6b6e-4a55-9a77-5b1b1b0b3e21.json	152	0	0	0	0	0	0	0	1	1	0	0	0	0	0	0	0	0	0	0	0	7	10	0	0	0	0	0	0
fsh-generated/resources/Practitioner-cc90c222-c1fa-5cb0-bb01-a2b35ac26244.json	884	1	0	0	0	0	0	0	0	1	0	0	0	0	0	0	0	0	0	0	0	10	13	0	0	0	0	0	0
fsh-generated/resources/ServiceRequest-24224471-e4bb-58c0-acbf-b6180b053e05.json	805	1	0	0	0	0	0	0	0	2	0	0	0	0	0	0	0	0	0	0	0	10	21	0	0	0	0	0	0
fsh-generated/resources/ServiceRequest-35acd1d2-f076-5434-9105-683254702ff1.json	882	0	0	0	0	0	0	0	0	2	0	0	0	0	0	0	0	0	0	0	0	11	14	0	0	0	0	0	0
fsh-generated/resources/ServiceRequest-3b2c3407-5430-5878-9c61-c4c9b9c013c4.json	1569	1	0	0	0	0	0	0	0	3	0	0	0	0	0	0	0	0	0	0	0	18	18	0	0	0	0	0	0
fsh-generated/resources/ServiceRequest-48549f60-c400-5510-97da-2e2497627e81.json	1538	1	0	0	0	0	0	0	0	2	0	0	0	0	0	0	0	0	0	0	0	15	17	0	0	0	0	0	0
fsh-generated/resources/Specimen-97b37d86-fd55-529b-bbd7-4766f3988fab.json	2577	1	0	0	0	0	0	0	1	124	0	0	0	0	0	0	0	0	0	0	0	17	25	0	0	0	0	0	0
fsh-generated/resources/StructureDefinition-analyzer-last-activated.json	1661	2	0	10	0	0	0	0	0	59	0	0	0	0	0	0	0	0	0	0	0	39	633	0	0	0	1	0	0
fsh-generated/resources/StructureDefinition-analyzer-operational-status.json	2005	0	0	7	0	0	0	0	0	8	0	0	0	0	0	0	0	0	0	0	0	35	185	0	0	0	2	0	0
fsh-generated/resources/StructureDefinition-analyzer-test-units.json	2182	1	0	10	0	0	0	0	0	17	0	0	0	0	0	0	0	1	0	0	0	58	207	0	0	0	2	0	0
fsh-generated/resources/StructureDefinition-collection-location-gps.json	5486	3	0	24	0	0	0	0	0	25	0	0	1	0	0	0	0	0	0	0	0	128	399	0	0	0	6	0	1
fsh-generated/resources/StructureDefinition-device-communication-protocol.json	1727	1	0	7	0	0	0	0	1	6	0	0	0	0	0	0	0	0	0	0	0	33	184	0	0	0	1	0	0
fsh-generated/resources/StructureDefinition-device-ip-address.json	1678	0	0	7	0	0	0	0	0	12	0	0	0	0	0	0	0	0	0	0	0	35	192	0	0	0	1	0	0
fsh-generated/resources/StructureDefinition-device-port.json	1558	1	0	6	0	0	0	0	0	7	0	0	0	0	0	0	0	0	0	0	0	32	169	0	0	0	1	0	0
fsh-generated/resources/StructureDefinition-eqa-cycle.json	4768	2	0	20	0	0	0	0	0	22	0	0	0	0	0	0	0	0	0	0	0	125	372	0	0	0	5	0	1
fsh-generated/resources/StructureDefinition-openelis-analyzer-device.json	7417	3	0	92	1	0	0	0	0	36	0	0	1	0	0	0	0	2	0	0	0	243	548	0	0	0	10	0	0
fsh-generated/resources/StructureDefinition-openelis-diagnostic-report.json	6924	2	0	37	0	0	0	0	0	19	0	0	0	0	0	0	0	0	0	0	0	201	427	0	0	0	7	0	0
fsh-generated/resources/StructureDefinition-openelis-lab-order-request-service-request.json	3951	1	0	42	0	0	0	0	0	23	0	0	0	0	0	0	0	1	0	0	0	172	376	0	0	0	10	1	1
fsh-generated/resources/StructureDefinition-openelis-lab-order-request-task.json	3174	1	0	46	0	0	0	0	0	18	0	0	0	0	0	0	0	1	0	0	0	143	355	0	0	0	7	0	0
fsh-generated/resources/StructureDefinition-openelis-observation.json	10016	3	0	82	0	0	0	0	0	35	0	0	0	0	0	0	0	0	0	0	0	260	1140	0	1	0	12	0	1
fsh-generated/resources/StructureDefinition-openelis-order-task.json	6688	2	0	40	0	0	1	0	0	29	0	0	1	0	0	0	0	1	0	0	0	228	454	0	0	0	11	0	0
fsh-generated/resources/StructureDefinition-openelis-organization.json	9824	3	0	43	0	0	0	0	1	35	0	0	0	0	0	0	0	2	0	0	0	290	436	0	0	0	15	0	1
fsh-generated/resources/StructureDefinition-openelis-patient.json	9825	3	0	48	0	0	0	0	0	38	0	0	0	0	0	0	0	1	0	0	0	333	562	0	0	0	14	0	1
fsh-generated/resources/StructureDefinition-openelis-practitioner.json	5475	2	0	25	0	0	0	0	0	19	0	0	0	0	0	0	0	1	0	0	0	163	288	0	0	0	7	0	0
fsh-generated/resources/StructureDefinition-openelis-referral-task.json	5416	1	0	32	0	0	0	0	0	26	0	0	0	0	0	0	0	1	0	0	0	213	598	0	0	0	10	0	0
fsh-generated/resources/StructureDefinition-openelis-service-request.json	10713	3	0	31	0	0	0	0	0	24	0	0	1	0	0	0	0	0	0	0	0	239	656	0	0	0	10	0	1
fsh-generated/resources/StructureDefinition-openelis-shipment-box.json	12257	3	0	32	1	0	0	0	0	61	0	0	0	0	0	0	0	1	0	0	0	195	498	0	0	0	9	0	0
fsh-generated/resources/StructureDefinition-openelis-specimen.json	11583	4	0	35	0	0	0	0	0	47	0	0	0	0	0	0	0	1	0	0	0	282	622	0	0	0	12	1	1
fsh-generated/resources/StructureDefinition-openelis-storage-location.json	11846	3	0	32	0	0	0	0	0	27	0	0	0	0	0	0	0	1	0	0	0	226	496	0	0	0	10	0	0
fsh-generated/resources/StructureDefinition-position-occupancy.json	1681	1	0	4	0	0	0	0	1	6	0	0	0	0	0	0	0	0	0	0	0	31	152	0	0	0	1	0	0
fsh-generated/resources/StructureDefinition-rack-grid-dimensions.json	1797	1	0	3	0	0	0	0	0	9	0	0	0	0	0	0	0	0	0	0	0	34	125	0	0	0	2	0	1
fsh-generated/resources/StructureDefinition-rack-position-schema-hint.json	1702	1	0	2	0	0	0	0	0	7	0	0	0	0	0	0	0	0	0	0	0	32	119	0	0	0	1	0	0
fsh-generated/resources/StructureDefinition-shipment-capacity.json	1585	1	0	3	0	0	0	0	0	7	0	0	0	0	0	0	0	0	0	0	0	31	114	0	0	0	1	0	0
fsh-generated/resources/StructureDefinition-shipment-content-item.json	2877	1	0	5	0	0	0	0	0	13	0	0	0	0	0	0	0	1	0	0	0	67	166	0	0	0	2	0	0
fsh-generated/resources/StructureDefinition-shipment-destination-org.json	1799	1	0	3	0	0	0	0	0	6	0	0	0	0	0	0	0	0	0	0	0	31	115	0	0	0	1	0	0
fsh-generated/resources/StructureDefinition-shipment-non-conformity.json	1888	1	0	3	0	0	0	0	0	7	0	0	0	0	0	0	0	0	0	0	0	32	115	0	0	0	1	0	0
fsh-generated/resources/StructureDefinition-shipment-notes.json	1532	0	0	2	0	0	0	0	0	7	0	0	0	0	0	0	0	0	0	0	0	32	118	0	0	0	1	0	0
fsh-generated/resources/StructureDefinition-shipment-source-org.json	1649	1	0	3	0	0	0	0	0	9	0	0	0	0	0	0	0	0	0	0	0	31	119	0	0	0	1	0	0
fsh-generated/resources/StructureDefinition-shipment-specimen-type-summary.json	3124	2	0	5	0	0	0	0	0	24	0	0	1	0	0	0	0	0	0	0	0	70	161	0	0	0	3	0	0
fsh-generated/resources/StructureDefinition-shipment-specimen.json	1898	0	0	4	0	0	0	0	0	8	0	0	0	0	0	0	0	0	0	0	0	33	128	0	0	0	1	0	0
fsh-generated/resources/StructureDefinition-shipment-temperature.json	1710	1	0	3	0	0	0	0	0	6	0	0	0	0	0	0	0	0	0	0	0	32	116	0	0	0	1	0	0
fsh-generated/resources/StructureDefinition-storage-capacity.json	1769	1	0	3	0	0	0	0	0	6	0	0	0	0	0	0	0	0	0	0	0	30	115	0	0	0	1	0	0
fsh-generated/resources/StructureDefinition-storage-temperature.json	1705	1	0	3	0	0	0	0	0	6	0	0	0	0	0	0	0	0	0	0	0	32	113	0	0	0	1	0	0
fsh-generated/resources/SupplyDelivery-0e8e2c05-d198-51b0-8fa2-ac80c118c73e.json	3036	1	0	0	0	0	0	0	1	46	0	0	0	0	0	0	0	0	0	0	0	14	27	0	0	0	0	0	0
fsh-generated/resources/Task-07ed1bd1-1bdf-58ae-a661-ee0703fcab70.json	747	1	0	0	0	0	0	0	0	2	0	0	0	0	0	0	0	0	0	0	0	7	20	0	0	0	0	0	0
fsh-generated/resources/Task-1adff0e3-109a-55fe-b3b7-74736ef4ff6d.json	1053	1	0	0	0	0	0	0	0	2	0	0	0	0	0	0	0	0	0	0	0	9	19	0	0	0	0	0	0
fsh-generated/resources/Task-ed860000-5fab-5072-a257-83bbe38c27f4.json	1488	1	0	0	0	0	0	0	0	7	0	0	0	0	0	0	0	0	0	0	0	13	15	0	0	0	0	0	0
fsh-generated/resources/ValueSet-oe-analyzer-operational-status.json	548	0	0	0	1	0	0	0	0	52	0	0	0	0	0	0	0	0	0	0	0	9	96	0	0	0	0	0	0
/fsh-generated/includes/fsh-link-references.md	6590	-	-	-	0	0	0	0	0	0	0	0	0	0	0	0	0	0	0	0	0	0	1	0	0	0	0	0	0
/fsh-generated/includes/menu.xml	1424	-	-	-	0	0	0	0	0	0	0	0	0	0	0	0	0	0	0	0	0	0	1	0	0	0	0	0	0
/input/pagecontent/api.md	4647	-	-	-	0	0	0	0	0	0	0	0	0	0	0	0	0	0	0	0	0	0	0	0	0	0	0	0	0
/input/pagecontent/identifiers.md	9121	-	-	-	0	0	0	0	0	0	0	0	0	0	0	0	0	0	0	0	0	0	1	0	0	0	0	0	0
/input/pagecontent/index.md	7661	-	-	-	0	0	0	0	0	0	0	0	0	0	0	0	0	0	0	0	0	0	1	0	0	0	0	0	0
/input/pagecontent/changes.md	3249	-	-	-	0	0	0	0	0	0	0	0	0	0	0	0	0	0	0	0	0	0	1	0	0	0	0	0	0
/input/pagecontent/known-issues.md	9809	-	-	-	0	0	0	0	0	0	0	0	0	0	0	0	0	0	0	0	0	0	1	0	0	0	0	0	0
/input/pagecontent/workflows.md	10905	-	-	-	0	0	0	0	0	0	0	0	0	0	0	0	0	0	0	0	0	0	1	0	0	0	0	0	0
/template/config	0	-	-	-	0	0	0	0	0	0	0	0	0	0	0	0	0	0	0	0	0	0	0	0	0	0	0	0	0
/template/config/_config.yml	140	-	-	-	0	0	0	0	0	0	0	0	0	0	0	0	0	0	0	0	0	0	0	0	0	0	0	0	0
/input/images	0	-	-	-	0	0	0	0	0	0	0	0	0	0	0	0	0	0	0	0	0	0	1	0	0	0	0	0	0
/input/images/referral-sequence.svg	3645	-	-	-	0	0	0	0	0	0	0	0	0	0	0	0	0	0	0	0	0	0	0	0	0	0	0	0	0
/input/images/shipment-sequence.svg	3237	-	-	-	0	0	0	0	0	0	0	0	0	0	0	0	0	0	0	0	0	0	0	0	0	0	0	0	0
/input/images/emr-order-sequence.svg	5121	-	-	-	0	0	0	0	0	0	0	0	0	0	0	0	0	0	0	0	0	0	0	0	0	0	0	0	0
/temp/pages/_includes/artifacts.xml	216	-	-	-	-	-	-	-	-	-	-	-	-	-	-	-	-	-	-	-	-	-	1	0	0	0	0	0	0
/temp/pages/_includes/fragment-artifacts-table.html	3362	-	-	-	-	-	-	-	-	-	-	-	-	-	-	-	-	-	-	-	-	-	0	0	0	0	0	0	0
