"Id","Path","Slice Name","Alias(s)","Label","Min","Max","Must Support?","Is Modifier?","Is Summary?","Type(s)","Short","Definition","Comments","Requirements","Default Value","Meaning When Missing","Fixed Value","Pattern","Example","Minimum Value","Maximum Value","Maximum Length","Binding Strength","Binding Description","Binding Value Set","Code","Slicing Discriminator","Slicing Description","Slicing Ordered","Slicing Rules","Base Path","Base Min","Base Max","Condition(s)","Constraint(s)","Mapping: OpenELIS Global data model","Mapping: Workflow Pattern","Mapping: RIM Mapping","Mapping: HL7 v2 Mapping","Mapping: FiveWs Pattern Mapping"
"SupplyDelivery","SupplyDelivery","","","",0,*,"","","","null {[]} {[]}
","Delivery of bulk Supplies","Record of delivery of what is supplied.","","","","","","","","","",,,,,"",,,,"SupplyDelivery",0,*,"","dom-2:If the resource is contained in another resource, it SHALL NOT contain nested Resources {contained.contained.empty()}
dom-3:If the resource is contained in another resource, it SHALL be referred to from elsewhere in the resource or SHALL refer to the containing resource {contained.where((('#'+id in (%resource.descendants().reference | %resource.descendants().as(canonical) | %resource.descendants().as(uri) | %resource.descendants().as(url))) or descendants().where(reference = '#').exists() or descendants().where(as(canonical) = '#').exists() or descendants().where(as(canonical) = '#').exists()).not()).trace('unmatched', id).empty()}dom-4:If a resource is contained in another resource, it SHALL NOT have a meta.versionId or a meta.lastUpdated {contained.meta.versionId.empty() and contained.meta.lastUpdated.empty()}dom-5:If a resource is contained in another resource, it SHALL NOT have a security label {contained.meta.security.empty()}dom-6:A resource should have narrative for robust management {text.`div`.exists()}","ShippingBox (ShippingBoxFhirTransform)","Event","Entity. Role, or Act","Supply[moodCode=RQO]"
"SupplyDelivery.id","SupplyDelivery.id","","","",0,1,"","","Y","id {[]} {[]}
","Logical id of this artifact","The logical id of the resource, as used in the URL for the resource. Once assigned, this value never changes.","The only time that a resource does not have an id is when it is being submitted to the server using a create operation.","","","","","","","","",,,,,"",,,,"Resource.id",0,1,"","","ShippingBox.fhirUuid"
"SupplyDelivery.meta","SupplyDelivery.meta","","","",0,1,"","","Y","Meta {[]} {[]}
","Metadata about the resource","The metadata about the resource. This is content that is maintained by the infrastructure. Changes to the content might not always be associated with version changes to the resource.","","","","","","","","","",,,,,"",,,,"Resource.meta",0,1,"","ele-1:All FHIR elements must have a @value or children {hasValue() or (children().count() > id.count())}
"
"SupplyDelivery.implicitRules","SupplyDelivery.implicitRules","","","",0,1,"","Y","Y","uri {[]} {[]}
","A set of rules under which this content was created","A reference to a set of rules that were followed when the resource was constructed, and which must be understood when processing the content. Often, this is a reference to an implementation guide that defines the special rules along with other profiles etc.","Asserting this rule set restricts the content to be only understood by a limited set of trading partners. This inherently limits the usefulness of the data in the long term. However, the existing health eco-system is highly fractured, and not yet ready to define, collect, and exchange data in a generally computable sense. Wherever possible, implementers and/or specification writers should avoid using this element. Often, when used, the URL is a reference to an implementation guide that defines these special rules as part of it's narrative along with other profiles, value sets, etc.","","","","","","","","",,,,,"",,,,"Resource.implicitRules",0,1,"","ele-1:All FHIR elements must have a @value or children {hasValue() or (children().count() > id.count())}
"
"SupplyDelivery.language","SupplyDelivery.language","","","",0,1,"","","","code {[]} {[]}
","Language of the resource content","The base language in which the resource is written.","Language is provided to support indexing and accessibility (typically, services such as text to speech use the language tag). The html language tag in the narrative applies  to the narrative. The language tag on the resource may be used to specify the language of other presentations generated from the data in the resource. Not all the content has to be in the base language. The Resource.language should not be assumed to apply to the narrative automatically. If a language is specified, it should it also be specified on the div element in the html (see rules in HTML5 for information about the relationship between xml:lang and the html lang attribute).","","","","","","","","",,"preferred","A human language.","http://hl7.org/fhir/ValueSet/languages|4.0.1","",,,,"Resource.language",0,1,"","ele-1:All FHIR elements must have a @value or children {hasValue() or (children().count() > id.count())}
"
"SupplyDelivery.text","SupplyDelivery.text","","narrative
htmlxhtmldisplay","",0,1,"","","","Narrative {[]} {[]}
","Text summary of the resource, for human interpretation","A human-readable narrative that contains a summary of the resource and can be used to represent the content of the resource to a human. The narrative need not encode all the structured data, but is required to contain sufficient detail to make it ""clinically safe"" for a human to just read the narrative. Resource definitions may define what content should be represented in the narrative to ensure clinical safety.","Contained resources do not have narrative. Resources that are not contained SHOULD have a narrative. In some cases, a resource may only have text with little or no additional discrete data (as long as all minOccurs=1 elements are satisfied).  This may be necessary for data from legacy systems where information is captured as a ""text blob"" or where text is additionally entered raw or narrated and encoded information is added later.","","","","","","","","",,,,,"",,,,"DomainResource.text",0,1,"","ele-1:All FHIR elements must have a @value or children {hasValue() or (children().count() > id.count())}
","Act.text?"
"SupplyDelivery.contained","SupplyDelivery.contained","","inline resources
anonymous resourcescontained resources","",0,*,"","","","Resource {[]} {[]}
","Contained, inline Resources","These resources do not have an independent existence apart from the resource that contains them - they cannot be identified independently, and nor can they have their own independent transaction scope.","This should never be done when the content can be identified properly, as once identification is lost, it is extremely difficult (and context dependent) to restore it again. Contained resources may have profiles and tags In their meta elements, but SHALL NOT have security labels.","","","","","","","","",,,,,"",,,,"DomainResource.contained",0,*,"","","N/A"
"SupplyDelivery.extension","SupplyDelivery.extension","","","",0,*,"","","","Extension {[]} {[]}
","Extension","An Extension","","","","","","","","","",,,,,"","value:url}
","",,"open","DomainResource.extension",0,*,"","ele-1:All FHIR elements must have a @value or children {hasValue() or (children().count() > id.count())}
ext-1:Must have either extensions or value[x], not both {extension.exists() != value.exists()}"
"SupplyDelivery.extension:destinationOrg","SupplyDelivery.extension","destinationOrg","","",0,1,"Y","","","Extension {[CanonicalType[https://digi-uw.github.io/openelis-global2-fhir-ig/StructureDefinition/shipment-destination-org]]} {[]}
","Shipment destination organization id","UUID of the destination Organization. Kept for receivers that do not read the contained destination Location. OpenELIS currently sends this extension with url http://openelis.org/fhir/extension/shipment-destination-org (see Known Issues).","","","","","","","","","",,,,,"",,,,"DomainResource.extension",0,*,"ele-1
","ele-1:All FHIR elements must have a @value or children {hasValue() or (children().count() > id.count())}
ext-1:Must have either extensions or value[x], not both {extension.exists() != value.exists()}"
"SupplyDelivery.extension:sourceOrg","SupplyDelivery.extension","sourceOrg","","",0,1,"Y","","","Extension {[CanonicalType[https://digi-uw.github.io/openelis-global2-fhir-ig/StructureDefinition/shipment-source-org]]} {[]}
","Shipment source laboratory","Name of the sending OpenELIS site (its configuration name). OpenELIS currently sends this extension with url http://openelis.org/fhir/extension/shipment-source-org (see Known Issues).","","","","","","","","","",,,,,"",,,,"DomainResource.extension",0,*,"ele-1
","ele-1:All FHIR elements must have a @value or children {hasValue() or (children().count() > id.count())}
ext-1:Must have either extensions or value[x], not both {extension.exists() != value.exists()}"
"SupplyDelivery.extension:temperature","SupplyDelivery.extension","temperature","","",0,1,"Y","","","Extension {[CanonicalType[https://digi-uw.github.io/openelis-global2-fhir-ig/StructureDefinition/shipment-temperature]]} {[]}
","Shipment temperature requirement","Temperature the box must be kept at in transit. Free text (for example 2-8 °C). OpenELIS currently sends this extension with url http://openelis.org/fhir/extension/shipment-temperature (see Known Issues).","","","","","","","","","",,,,,"",,,,"DomainResource.extension",0,*,"ele-1
","ele-1:All FHIR elements must have a @value or children {hasValue() or (children().count() > id.count())}
ext-1:Must have either extensions or value[x], not both {extension.exists() != value.exists()}","ShippingBox.temperatureRequirement"
"SupplyDelivery.extension:capacity","SupplyDelivery.extension","capacity","","",0,1,"","","","Extension {[CanonicalType[https://digi-uw.github.io/openelis-global2-fhir-ig/StructureDefinition/shipment-capacity]]} {[]}
","Shipment box capacity","Number of specimens the box can hold. OpenELIS currently sends this extension with url http://openelis.org/fhir/extension/shipment-capacity (see Known Issues).","","","","","","","","","",,,,,"",,,,"DomainResource.extension",0,*,"ele-1
","ele-1:All FHIR elements must have a @value or children {hasValue() or (children().count() > id.count())}
ext-1:Must have either extensions or value[x], not both {extension.exists() != value.exists()}","ShippingBox.capacity"
"SupplyDelivery.extension:notes","SupplyDelivery.extension","notes","","",0,1,"","","","Extension {[CanonicalType[https://digi-uw.github.io/openelis-global2-fhir-ig/StructureDefinition/shipment-notes]]} {[]}
","Shipment notes","Free-text notes on the box. OpenELIS currently sends this extension with url http://openelis.org/fhir/extension/shipment-notes (see Known Issues).","","","","","","","","","",,,,,"",,,,"DomainResource.extension",0,*,"ele-1
","ele-1:All FHIR elements must have a @value or children {hasValue() or (children().count() > id.count())}
ext-1:Must have either extensions or value[x], not both {extension.exists() != value.exists()}","ShippingBox.notes"
"SupplyDelivery.extension:contentItem","SupplyDelivery.extension","contentItem","","",0,*,"Y","","","Extension {[CanonicalType[https://digi-uw.github.io/openelis-global2-fhir-ig/StructureDefinition/shipment-content-item]]} {[]}
","Shipment content item","One row of the box manifest. Repeats once per item in the box. OpenELIS currently sends this extension with url http://openelis.org/fhir/extension/shipment-content-item (see Known Issues).","","","","","","","","","",,,,,"",,,,"DomainResource.extension",0,*,"ele-1
","ele-1:All FHIR elements must have a @value or children {hasValue() or (children().count() > id.count())}
ext-1:Must have either extensions or value[x], not both {extension.exists() != value.exists()}","BoxSampleItem (accession number / sample type)"
"SupplyDelivery.extension:nonConformity","SupplyDelivery.extension","nonConformity","","",0,*,"","","","Extension {[CanonicalType[https://digi-uw.github.io/openelis-global2-fhir-ig/StructureDefinition/shipment-non-conformity]]} {[]}
","Shipment non-conformity","A problem recorded when the box was received (damaged, leaked, missing, rejected). SNOMED CT by default. Codes can be overridden per site. Only sent after reception. OpenELIS currently sends this extension with url http://openelis.org/fhir/extension/shipment-non-conformity (see Known Issues).","","","","","","","","","",,,,,"",,,,"DomainResource.extension",0,*,"ele-1
","ele-1:All FHIR elements must have a @value or children {hasValue() or (children().count() > id.count())}
ext-1:Must have either extensions or value[x], not both {extension.exists() != value.exists()}","BoxSampleItem.receptionStatus"
"SupplyDelivery.extension:specimen","SupplyDelivery.extension","specimen","","",0,*,"Y","","","Extension {[CanonicalType[https://digi-uw.github.io/openelis-global2-fhir-ig/StructureDefinition/shipment-specimen]]} {[]}
","Shipped specimen","A Specimen in the box. Repeats once per sample item with a FHIR id. The receiving site uses these references at reception. OpenELIS currently sends this extension with url http://openelis.org/fhir/extension/shipment-specimen (see Known Issues).","","","","","","","","","",,,,,"",,,,"DomainResource.extension",0,*,"ele-1
","ele-1:All FHIR elements must have a @value or children {hasValue() or (children().count() > id.count())}
ext-1:Must have either extensions or value[x], not both {extension.exists() != value.exists()}","BoxSampleItem.sampleItem"
"SupplyDelivery.extension:typeSummary","SupplyDelivery.extension","typeSummary","","",0,*,"","","","Extension {[CanonicalType[https://digi-uw.github.io/openelis-global2-fhir-ig/StructureDefinition/shipment-specimen-type-summary]]} {[]}
","Shipment specimen type summary","Count of items in the box per sample type. One repetition per distinct type, in no guaranteed order. OpenELIS currently sends this extension with url http://openelis.org/fhir/extension/shipment-specimen-type-summary (see Known Issues).","","","","","","","","","",,,,,"",,,,"DomainResource.extension",0,*,"ele-1
","ele-1:All FHIR elements must have a @value or children {hasValue() or (children().count() > id.count())}
ext-1:Must have either extensions or value[x], not both {extension.exists() != value.exists()}"
"SupplyDelivery.extension:eqaCycle","SupplyDelivery.extension","eqaCycle","","",0,1,"","","","Extension {[CanonicalType[https://digi-uw.github.io/openelis-global2-fhir-ig/StructureDefinition/eqa-cycle]]} {[]}
","EQA cycle","External quality assessment cycle the consignment belongs to. Only sent for EQA boxes. OpenELIS currently sends this extension with url http://openelis.org/fhir/extension/eqa-cycle (see Known Issues).","","","","","","","","","",,,,,"",,,,"DomainResource.extension",0,*,"ele-1
","ele-1:All FHIR elements must have a @value or children {hasValue() or (children().count() > id.count())}
ext-1:Must have either extensions or value[x], not both {extension.exists() != value.exists()}","ShippingBox.eqaCycleId"
"SupplyDelivery.modifierExtension","SupplyDelivery.modifierExtension","","extensions
user content","",0,*,"","Y","","Extension {[]} {[]}
","Extensions that cannot be ignored","May be used to represent additional information that is not part of the basic definition of the resource and that modifies the understanding of the element that contains it and/or the understanding of the containing element's descendants. Usually modifier elements provide negation or qualification. To make the use of extensions safe and manageable, there is a strict set of governance applied to the definition and use of extensions. Though any implementer is allowed to define an extension, there is a set of requirements that SHALL be met as part of the definition of the extension. Applications processing a resource are required to check for modifier extensions.

Modifier extensions SHALL NOT change the meaning of any elements on Resource or DomainResource (including cannot change the meaning of modifierExtension itself).","There can be no stigma associated with the use of extensions by any application, project, or standard - regardless of the institution or jurisdiction that uses or defines the extensions.  The use of extensions is what allows the FHIR specification to retain a core level of simplicity for everyone.","Modifier extensions allow for extensions that *cannot* be safely ignored to be clearly distinguished from the vast majority of extensions which can be safely ignored.  This promotes interoperability by eliminating the need for implementers to prohibit the presence of extensions. For further information, see the [definition of modifier extensions](http://hl7.org/fhir/R4/extensibility.html#modifierExtension).","","","","","","","",,,,,"",,,,"DomainResource.modifierExtension",0,*,"","ele-1:All FHIR elements must have a @value or children {hasValue() or (children().count() > id.count())}
ext-1:Must have either extensions or value[x], not both {extension.exists() != value.exists()}","N/A"
"SupplyDelivery.identifier","SupplyDelivery.identifier","","","",1,*,"Y","","","Identifier {[]} {[]}
","External identifier","Identifier for the supply delivery event that is used to identify it across multiple disparate systems.","This identifier is typically assigned by the dispenser, and may be used to reference the delivery when exchanging information about it with other systems.","","","","","","","","",,,,,"","value:system}
","Sliced by identifier system",,"open","SupplyDelivery.identifier",0,*,"","ele-1:All FHIR elements must have a @value or children {hasValue() or (children().count() > id.count())}
","Event.identifier",".id"
"SupplyDelivery.identifier:boxId","SupplyDelivery.identifier","boxId","","",1,1,"Y","","","Identifier {[]} {[]}
","Shipping box id","Identifier for the supply delivery event that is used to identify it across multiple disparate systems.","This identifier is typically assigned by the dispenser, and may be used to reference the delivery when exchanging information about it with other systems.","","","","","","","","",,,,,"",,,,"SupplyDelivery.identifier",0,*,"","ele-1:All FHIR elements must have a @value or children {hasValue() or (children().count() > id.count())}
","ShippingBox.boxId","Event.identifier",".id"
"SupplyDelivery.identifier:boxId.id","SupplyDelivery.identifier.id","","","",0,1,"","","","string {[]} {[]}
","Unique id for inter-element referencing","Unique id for the element within a resource (for internal references). This may be any string value that does not contain spaces.","","","","","","","","","",,,,,"",,,,"Element.id",0,1,"","","n/a"
"SupplyDelivery.identifier:boxId.extension","SupplyDelivery.identifier.extension","","extensions
user content","",0,*,"","","","Extension {[]} {[]}
","Additional content defined by implementations","May be used to represent additional information that is not part of the basic definition of the element. To make the use of extensions safe and manageable, there is a strict set of governance  applied to the definition and use of extensions. Though any implementer can define an extension, there is a set of requirements that SHALL be met as part of the definition of the extension.","There can be no stigma associated with the use of extensions by any application, project, or standard - regardless of the institution or jurisdiction that uses or defines the extensions.  The use of extensions is what allows the FHIR specification to retain a core level of simplicity for everyone.","","","","","","","","",,,,,"","value:url}
","Extensions are always sliced by (at least) url",,"open","Element.extension",0,*,"","ele-1:All FHIR elements must have a @value or children {hasValue() or (children().count() > id.count())}
ext-1:Must have either extensions or value[x], not both {extension.exists() != value.exists()}","n/a"
"SupplyDelivery.identifier:boxId.use","SupplyDelivery.identifier.use","","","",0,1,"","Y","Y","code {[]} {[]}
","usual | official | temp | secondary | old (If known)","The purpose of this identifier.","Applications can assume that an identifier is permanent unless it explicitly says that it is temporary.","Allows the appropriate identifier for a particular context of use to be selected from among a set of identifiers.","","","","","","","",,"required","Identifies the purpose for this identifier, if known .","http://hl7.org/fhir/ValueSet/identifier-use|4.0.1","",,,,"Identifier.use",0,1,"","ele-1:All FHIR elements must have a @value or children {hasValue() or (children().count() > id.count())}
","Role.code or implied by context","N/A"
"SupplyDelivery.identifier:boxId.type","SupplyDelivery.identifier.type","","","",0,1,"","","Y","CodeableConcept {[]} {[]}
","Description of identifier","A coded type for the identifier that can be used to determine which identifier to use for a specific purpose.","This element deals only with general categories of identifiers.  It SHOULD not be used for codes that correspond 1..1 with the Identifier.system. Some identifiers may fall into multiple categories due to common usage.   Where the system is known, a type is unnecessary because the type is always part of the system definition. However systems often need to handle identifiers where the system is not known. There is not a 1:1 relationship between type and system, since many different systems have the same type.","Allows users to make use of identifiers when the identifier system is not known.","","","","","","","",,"extensible","A coded type for an identifier that can be used to determine which identifier to use for a specific purpose.","http://hl7.org/fhir/ValueSet/identifier-type|4.0.1","",,,,"Identifier.type",0,1,"","ele-1:All FHIR elements must have a @value or children {hasValue() or (children().count() > id.count())}
","Role.code or implied by context","CX.5"
"SupplyDelivery.identifier:boxId.system","SupplyDelivery.identifier.system","","","",1,1,"","","Y","uri {[]} {[]}
","The namespace for the identifier value","Establishes the namespace for the value - that is, a URL that describes a set values that are unique.","Identifier.system is always case sensitive.","There are many sets  of identifiers.  To perform matching of two identifiers, we need to know what set we're dealing with. The system identifies a particular set of unique identifiers.","","","","<valueUri xmlns=""http://hl7.org/fhir"" value=""http://openelis.org/shipment/box-id""/>","<valueUri xmlns=""http://hl7.org/fhir"" value=""http://www.acme.com/identifiers/patient""/>","","",,,,,"",,,,"Identifier.system",0,1,"","ele-1:All FHIR elements must have a @value or children {hasValue() or (children().count() > id.count())}
","II.root or Role.id.root","CX.4 / EI-2-4"
"SupplyDelivery.identifier:boxId.value","SupplyDelivery.identifier.value","","","",1,1,"","","Y","string {[]} {[]}
","The value that is unique","The portion of the identifier typically relevant to the user and which is unique within the context of the system.","If the value is a full URI, then the system SHALL be urn:ietf:rfc:3986.  The value's primary purpose is computational mapping.  As a result, it may be normalized for comparison purposes (e.g. removing non-significant whitespace, dashes, etc.)  A value formatted for human display can be conveyed using the [Rendered Value extension](http://hl7.org/fhir/R4/extension-rendered-value.html). Identifier.value is to be treated as case sensitive unless knowledge of the Identifier.system allows the processer to be confident that non-case-sensitive processing is safe.","","","","","","<valueString xmlns=""http://hl7.org/fhir"" value=""123456""/>","","",,,,,"",,,,"Identifier.value",0,1,"","ele-1:All FHIR elements must have a @value or children {hasValue() or (children().count() > id.count())}
","II.extension or II.root if system indicates OID or GUID (Or Role.id.extension or root)","CX.1 / EI.1"
"SupplyDelivery.identifier:boxId.period","SupplyDelivery.identifier.period","","","",0,1,"","","Y","Period {[]} {[]}
","Time period when id is/was valid for use","Time period during which identifier is/was valid for use.","","","","","","","","","",,,,,"",,,,"Identifier.period",0,1,"","ele-1:All FHIR elements must have a @value or children {hasValue() or (children().count() > id.count())}
","Role.effectiveTime or implied by context","CX.7 + CX.8"
"SupplyDelivery.identifier:boxId.assigner","SupplyDelivery.identifier.assigner","","","",0,1,"","","Y","Reference {[]} {[CanonicalType[http://hl7.org/fhir/StructureDefinition/Organization|4.0.1]]}
","Organization that issued id (may be just text)","Organization that issued/manages the identifier.","The Identifier.assigner may omit the .reference element and only contain a .display element reflecting the name or other textual information about the assigning organization.","","","","","","","","",,,,,"",,,,"Identifier.assigner",0,1,"","ele-1:All FHIR elements must have a @value or children {hasValue() or (children().count() > id.count())}
","II.assigningAuthorityName but note that this is an improper use by the definition of the field.  Also Role.scoper","CX.4 / (CX.4,CX.9,CX.10)"
"SupplyDelivery.basedOn","SupplyDelivery.basedOn","","","",0,*,"","","Y","Reference {[]} {[CanonicalType[http://hl7.org/fhir/StructureDefinition/SupplyRequest|4.0.1]]}
","Fulfills plan, proposal or order","A plan, proposal or order that is fulfilled in whole or in part by this event.","","Allows tracing of authorization for the event and tracking whether proposals/recommendations were acted upon.","","","","","","","",,,,,"",,,,"SupplyDelivery.basedOn",0,*,"","ele-1:All FHIR elements must have a @value or children {hasValue() or (children().count() > id.count())}
","Event.basedOn",".outboundRelationship[typeCode=FLFS].target","ORC in proximity to EVN segment"
"SupplyDelivery.partOf","SupplyDelivery.partOf","","","",0,*,"","","Y","Reference {[]} {[CanonicalType[http://hl7.org/fhir/StructureDefinition/SupplyDelivery|4.0.1], CanonicalType[http://hl7.org/fhir/StructureDefinition/Contract|4.0.1]]}
","Part of referenced event","A larger event of which this particular event is a component or step.","Not to be used to link an event to an Encounter - use Event.context for that.[The allowed reference resources may be adjusted as appropriate for the event resource].","E.g. Drug administration as part of a procedure, procedure as part of observation, etc.","","","","","","","",,,,,"",,,,"SupplyDelivery.partOf",0,*,"","ele-1:All FHIR elements must have a @value or children {hasValue() or (children().count() > id.count())}
","Event.partOf",".inboundRelationship[typeCode=COMP].source[moodCode=EVN]","Varies by domain"
"SupplyDelivery.status","SupplyDelivery.status","","","",1,1,"Y","Y","Y","code {[]} {[]}
","in-progress | completed | abandoned | entered-in-error","A code specifying the state of the dispense event.","Draft, ready to send, sent and in transit = in-progress. Received, partially received and reconciled = completed. Cancelled and lost in transit = abandoned. On reception the receiver sets the sender's copy to completed when org.openelisglobal.remote.source.updateStatus=true.","","","","","","","","",,"required","Status of the supply delivery.","http://hl7.org/fhir/ValueSet/supplydelivery-status|4.0.1","",,,,"SupplyDelivery.status",0,1,"","ele-1:All FHIR elements must have a @value or children {hasValue() or (children().count() > id.count())}
","ShippingBox.status","Event.status",".statusCode, also existence of fulfillment events"
"SupplyDelivery.patient","SupplyDelivery.patient","","","",0,1,"","","","Reference {[]} {[CanonicalType[http://hl7.org/fhir/StructureDefinition/Patient|4.0.1]]}
","Patient for whom the item is supplied","A link to a resource representing the person whom the delivered item is for.","","","","","","","","","",,,,,"",,,,"SupplyDelivery.patient",0,1,"","ele-1:All FHIR elements must have a @value or children {hasValue() or (children().count() > id.count())}
","Event.subject",".participation[typeCode=SBJ].role"
"SupplyDelivery.type","SupplyDelivery.type","","","",0,1,"Y","","","CodeableConcept {[]} {[]}
","Category of dispense event","Indicates the type of dispensing event that is performed. Examples include: Trial Fill, Completion of Trial, Partial Fill, Emergency Fill, Samples, etc.","Recommended: omit (see Known Issues). Currently http://terminology.hl7.org/CodeSystem/supply-item-type#medication with display 'Specimen Shipment' and text 'Specimen Shipment Box' (see Known Issues).","","","","","","","","",,"required","The type of supply dispense.","http://hl7.org/fhir/ValueSet/supplydelivery-type|4.0.1","",,,,"SupplyDelivery.type",0,1,"","ele-1:All FHIR elements must have a @value or children {hasValue() or (children().count() > id.count())}
","Event.code",".code"
"SupplyDelivery.suppliedItem","SupplyDelivery.suppliedItem","","","",1,1,"Y","","","BackboneElement {[]} {[]}
","The item that is delivered or supplied","The item that is being delivered or has been supplied.","","","","","","","","","",,,,,"",,,,"SupplyDelivery.suppliedItem",0,1,"","ele-1:All FHIR elements must have a @value or children {hasValue() or (children().count() > id.count())}
",".participation[typeCode=PRD].role"
"SupplyDelivery.suppliedItem.id","SupplyDelivery.suppliedItem.id","","","",0,1,"","","","string {[]} {[]}
","Unique id for inter-element referencing","Unique id for the element within a resource (for internal references). This may be any string value that does not contain spaces.","","","","","","","","","",,,,,"",,,,"Element.id",0,1,"","","n/a"
"SupplyDelivery.suppliedItem.extension","SupplyDelivery.suppliedItem.extension","","extensions
user content","",0,*,"","","","Extension {[]} {[]}
","Additional content defined by implementations","May be used to represent additional information that is not part of the basic definition of the element. To make the use of extensions safe and manageable, there is a strict set of governance  applied to the definition and use of extensions. Though any implementer can define an extension, there is a set of requirements that SHALL be met as part of the definition of the extension.","There can be no stigma associated with the use of extensions by any application, project, or standard - regardless of the institution or jurisdiction that uses or defines the extensions.  The use of extensions is what allows the FHIR specification to retain a core level of simplicity for everyone.","","","","","","","","",,,,,"",,,,"Element.extension",0,*,"","ele-1:All FHIR elements must have a @value or children {hasValue() or (children().count() > id.count())}
ext-1:Must have either extensions or value[x], not both {extension.exists() != value.exists()}","n/a"
"SupplyDelivery.suppliedItem.modifierExtension","SupplyDelivery.suppliedItem.modifierExtension","","extensions
user contentmodifiers","",0,*,"","Y","Y","Extension {[]} {[]}
","Extensions that cannot be ignored even if unrecognized","May be used to represent additional information that is not part of the basic definition of the element and that modifies the understanding of the element in which it is contained and/or the understanding of the containing element's descendants. Usually modifier elements provide negation or qualification. To make the use of extensions safe and manageable, there is a strict set of governance applied to the definition and use of extensions. Though any implementer can define an extension, there is a set of requirements that SHALL be met as part of the definition of the extension. Applications processing a resource are required to check for modifier extensions.

Modifier extensions SHALL NOT change the meaning of any elements on Resource or DomainResource (including cannot change the meaning of modifierExtension itself).","There can be no stigma associated with the use of extensions by any application, project, or standard - regardless of the institution or jurisdiction that uses or defines the extensions.  The use of extensions is what allows the FHIR specification to retain a core level of simplicity for everyone.","Modifier extensions allow for extensions that *cannot* be safely ignored to be clearly distinguished from the vast majority of extensions which can be safely ignored.  This promotes interoperability by eliminating the need for implementers to prohibit the presence of extensions. For further information, see the [definition of modifier extensions](http://hl7.org/fhir/R4/extensibility.html#modifierExtension).","","","","","","","",,,,,"",,,,"BackboneElement.modifierExtension",0,*,"","ele-1:All FHIR elements must have a @value or children {hasValue() or (children().count() > id.count())}
ext-1:Must have either extensions or value[x], not both {extension.exists() != value.exists()}","N/A"
"SupplyDelivery.suppliedItem.quantity","SupplyDelivery.suppliedItem.quantity","","","",1,1,"Y","","","Quantity {[CanonicalType[http://hl7.org/fhir/StructureDefinition/SimpleQuantity|4.0.1]]} {[]}
","Amount dispensed","The amount of supply that has been dispensed. Includes unit of measure.","Number of items in the box, as {specimens} (UCUM).","","","","","","","","",,,,,"",,,,"SupplyDelivery.suppliedItem.quantity",0,1,"","ele-1:All FHIR elements must have a @value or children {hasValue() or (children().count() > id.count())}
","count of BoxSampleItem",".quantity"
"SupplyDelivery.suppliedItem.quantity.id","SupplyDelivery.suppliedItem.quantity.id","","","",0,1,"","","","string {[]} {[]}
","Unique id for inter-element referencing","Unique id for the element within a resource (for internal references). This may be any string value that does not contain spaces.","","","","","","","","","",,,,,"",,,,"Element.id",0,1,"","","n/a"
"SupplyDelivery.suppliedItem.quantity.extension","SupplyDelivery.suppliedItem.quantity.extension","","extensions
user content","",0,*,"","","","Extension {[]} {[]}
","Additional content defined by implementations","May be used to represent additional information that is not part of the basic definition of the element. To make the use of extensions safe and manageable, there is a strict set of governance  applied to the definition and use of extensions. Though any implementer can define an extension, there is a set of requirements that SHALL be met as part of the definition of the extension.","There can be no stigma associated with the use of extensions by any application, project, or standard - regardless of the institution or jurisdiction that uses or defines the extensions.  The use of extensions is what allows the FHIR specification to retain a core level of simplicity for everyone.","","","","","","","","",,,,,"","value:url}
","Extensions are always sliced by (at least) url",,"open","Element.extension",0,*,"","ele-1:All FHIR elements must have a @value or children {hasValue() or (children().count() > id.count())}
ext-1:Must have either extensions or value[x], not both {extension.exists() != value.exists()}","n/a"
"SupplyDelivery.suppliedItem.quantity.value","SupplyDelivery.suppliedItem.quantity.value","","","",0,1,"","","Y","decimal {[]} {[]}
","Numerical value (with implicit precision)","The value of the measured amount. The value includes an implicit precision in the presentation of the value.","The implicit precision in the value should always be honored. Monetary values have their own rules for handling precision (refer to standard accounting text books).","Precision is handled implicitly in almost all cases of measurement.","","","","","","","",,,,,"",,,,"Quantity.value",0,1,"","ele-1:All FHIR elements must have a @value or children {hasValue() or (children().count() > id.count())}
","PQ.value, CO.value, MO.value, IVL.high or IVL.low depending on the value","SN.2  / CQ - N/A"
"SupplyDelivery.suppliedItem.quantity.comparator","SupplyDelivery.suppliedItem.quantity.comparator","","","",0,0,"","Y","Y","code {[]} {[]}
","< | <= | >= | > - how to understand the value","Not allowed to be used in this context","","Need a framework for handling measures where the value is <5ug/L or >400mg/L due to the limitations of measuring methodology.","","If there is no comparator, then there is no modification of the value","","","","","",,"required","How the Quantity should be understood and represented.","http://hl7.org/fhir/ValueSet/quantity-comparator|4.0.1","",,,,"Quantity.comparator",0,1,"","ele-1:All FHIR elements must have a @value or children {hasValue() or (children().count() > id.count())}
","IVL properties","SN.1  / CQ.1"
"SupplyDelivery.suppliedItem.quantity.unit","SupplyDelivery.suppliedItem.quantity.unit","","","",0,1,"","","Y","string {[]} {[]}
","Unit representation","A human-readable form of the unit.","","There are many representations for units of measure and in many contexts, particular representations are fixed and required. I.e. mcg for micrograms.","","","","","","","",,,,,"",,,,"Quantity.unit",0,1,"","ele-1:All FHIR elements must have a @value or children {hasValue() or (children().count() > id.count())}
","PQ.unit","(see OBX.6 etc.) / CQ.2"
"SupplyDelivery.suppliedItem.quantity.system","SupplyDelivery.suppliedItem.quantity.system","","","",0,1,"","","Y","uri {[]} {[]}
","System that defines coded unit form","The identification of the system that provides the coded form of the unit.","","Need to know the system that defines the coded form of the unit.","","","","<valueUri xmlns=""http://hl7.org/fhir"" value=""http://unitsofmeasure.org""/>","","","",,,,,"",,,,"Quantity.system",0,1,"qty-3
","ele-1:All FHIR elements must have a @value or children {hasValue() or (children().count() > id.count())}
","CO.codeSystem, PQ.translation.codeSystem","(see OBX.6 etc.) / CQ.2"
"SupplyDelivery.suppliedItem.quantity.code","SupplyDelivery.suppliedItem.quantity.code","","","",0,1,"","","Y","code {[]} {[]}
","Coded form of the unit","A computer processable form of the unit in some unit representation system.","The preferred system is UCUM, but SNOMED CT can also be used (for customary units) or ISO 4217 for currency.  The context of use may additionally require a code from a particular system.","Need a computable form of the unit that is fixed across all forms. UCUM provides this for quantities, but SNOMED CT provides many units of interest.","","","","<valueCode xmlns=""http://hl7.org/fhir"" value=""{specimens}""/>","","","",,,,,"",,,,"Quantity.code",0,1,"","ele-1:All FHIR elements must have a @value or children {hasValue() or (children().count() > id.count())}
","PQ.code, MO.currency, PQ.translation.code","(see OBX.6 etc.) / CQ.2"
"SupplyDelivery.suppliedItem.item[x]","SupplyDelivery.suppliedItem.item[x]","","","",0,1,"Y","","","CodeableConcept {[]} {[]}
","Medication, Substance, or Device supplied","Identifies the medication, substance or device being dispensed. This is either a link to a resource representing the details of the item or a code that identifies the item from a known list.","SNOMED CT container type: site setting fhirContainerTypeCode, default 434711009 Specimen container.","","","","","","","","",,"example","The item that was delivered.","http://hl7.org/fhir/ValueSet/supply-item|4.0.1","",,,,"SupplyDelivery.suppliedItem.item[x]",0,1,"","ele-1:All FHIR elements must have a @value or children {hasValue() or (children().count() > id.count())}
",".participation[typeCode=PRD].role"
"SupplyDelivery.occurrence[x]","SupplyDelivery.occurrence[x]","","","",0,1,"Y","","Y","dateTime {[]} {[]}
","When event occurred","The date or time(s) the activity occurred.","Sent date, else created date. The receiver ignores boxes older than org.openelisglobal.shipment.import.maxAgeDays (default 30).","","","","","","","","",,,,,"",,,,"SupplyDelivery.occurrence[x]",0,1,"","ele-1:All FHIR elements must have a @value or children {hasValue() or (children().count() > id.count())}
","ShippingBox.sentDate (else createdDate)","Event.occurrence[x]",".effectiveTime","Varies by domain","FiveWs.done[x]"
"SupplyDelivery.supplier","SupplyDelivery.supplier","","","",0,1,"Y","","","Reference {[]} {[CanonicalType[https://digi-uw.github.io/openelis-global2-fhir-ig/StructureDefinition/openelis-organization]]}
","The sending site's Organization","The individual responsible for dispensing the medication, supplier or device.","","","","","","","","","",,,,,"",,,,"SupplyDelivery.supplier",0,1,"","ele-1:All FHIR elements must have a @value or children {hasValue() or (children().count() > id.count())}
","Site Organization (SiteInformation siteOrganizationFhirUuid)","Event.performer",".participation[typeCode=PFM].role"
"SupplyDelivery.destination","SupplyDelivery.destination","","","",0,1,"Y","","","Reference {[]} {[CanonicalType[http://hl7.org/fhir/StructureDefinition/Location|4.0.1]]}
","Where the Supply was sent","Identification of the facility/location where the Supply was shipped to, as part of the dispense event.","A reference to a contained Location (#destination-facility) whose managingOrganization is the destination Organization.","","","","","","","","",,,,,"",,,,"SupplyDelivery.destination",0,1,"","ele-1:All FHIR elements must have a @value or children {hasValue() or (children().count() > id.count())}
","Shipment destination Organization",".participation[typeCode=DST].role"
"SupplyDelivery.receiver","SupplyDelivery.receiver","","","",0,*,"","","","Reference {[]} {[CanonicalType[http://hl7.org/fhir/StructureDefinition/Practitioner|4.0.1], CanonicalType[http://hl7.org/fhir/StructureDefinition/PractitionerRole|4.0.1]]}
","Who collected the Supply","Identifies the person who picked up the Supply.","Not set. The receiver falls back to receiver.display when looking up the destination by name.","","","","","","","","",,,,,"",,,,"SupplyDelivery.receiver",0,*,"","ele-1:All FHIR elements must have a @value or children {hasValue() or (children().count() > id.count())}
",".participation[typeCode=RCV].role"
