<?xml version="1.0" encoding="UTF-8"?>

<CodeSystem xmlns="http://hl7.org/fhir">
  <id value="service-request-priority-code-system"/>
  <text>
    <status value="generated"/><div xmlns="http://www.w3.org/1999/xhtml"><p>This code system <code>https://i-tech-uw.github.io/openelis-global2-fhir-ig/codesystem-service-request-priority</code> defines the following codes:</p><table class="codes"><tr><td style="white-space:nowrap"><b>Code</b></td><td><b>Display</b></td><td><b>Definition</b></td></tr><tr><td style="white-space:nowrap">routine<a name="service-request-priority-code-system-routine"> </a></td><td>Routine</td><td>The request has normal priority.</td></tr></table></div>
  </text>
  <url value="https://i-tech-uw.github.io/openelis-global2-fhir-ig/codesystem-service-request-priority"/>
  <version value="0.1.0"/>
  <name value="ServiceRequestPriorityCodeSystem"/>
  <title value="Service Request priority"/>
  <status value="active"/>
  <date value="2023-02-20T12:30:13+00:00"/>
  <contact>
    <name value="I-TECH-UW"/>
    <telecom>
      <system value="url"/>
      <value value="www.github.com/i-tech-uw"/>
    </telecom>
  </contact>
  <description value="ServiceRequest Priority Code System"/>
  <content value="complete"/>
  <count value="1"/>
  <concept>
    <code value="routine"/>
    <display value="Routine"/>
    <definition value="The request has normal priority."/>
  </concept>
</CodeSystem>