<?xml version="1.0" encoding="UTF-8"?>

<Organization xmlns="http://hl7.org/fhir">
  <id value="bc8479a5-b34b-4578-9d38-a351bc92e614"/>
  <meta>
    <profile value="http://i-tech-uw.github.io/openelis-global-ig/StructureDefinition/open-elisorganisation"/>
  </meta>
  <text>
    <status value="generated"/><div xmlns="http://www.w3.org/1999/xhtml"><p class="res-header-id"><b>Generated Narrative: Organization bc8479a5-b34b-4578-9d38-a351bc92e614</b></p><a name="bc8479a5-b34b-4578-9d38-a351bc92e614"> </a><a name="hcbc8479a5-b34b-4578-9d38-a351bc92e614"> </a><a name="bc8479a5-b34b-4578-9d38-a351bc92e614-en-US"> </a><p><b>identifier</b>: <code>https://demo.openelis-global.org/org_cliaNum</code>/DEPT, <code>https://demo.openelis-global.org/org_shortName</code>/EID ICAP, <code>https://demo.openelis-global.org/org_code</code>/UG1001, <code>https://demo.openelis-global.org/org_uuid</code>/a1313f63-29b4-498d-ba12-0e960c683ec0</p><p><b>type</b>: <span title="Codes:">referralLab</span></p><p><b>name</b>: Minity Of Health</p><p><b>address</b>: KING GREENWOOD WASHINGTON 98103 </p></div>
  </text>
  <identifier>
    <system value="https://demo.openelis-global.org/org_cliaNum"/>
    <value value="DEPT"/>
  </identifier>
  <identifier>
    <system value="https://demo.openelis-global.org/org_shortName"/>
    <value value="EID ICAP"/>
  </identifier>
  <identifier>
    <system value="https://demo.openelis-global.org/org_code"/>
    <value value="UG1001"/>
  </identifier>
  <identifier>
    <system value="https://demo.openelis-global.org/org_uuid"/>
    <value value="a1313f63-29b4-498d-ba12-0e960c683ec0"/>
  </identifier>
  <type>
    <coding>
      <code value="prov"/>
      <display value="referralLab"/>
    </coding>
  </type>
  <name value="Minity Of Health"/>
  <address>
    <line value="KING"/>
    <city value="GREENWOOD"/>
    <state value="WASHINGTON"/>
    <postalCode value="98103"/>
  </address>
</Organization>