<?xml version="1.0" encoding="UTF-8"?>

<Patient xmlns="http://hl7.org/fhir">
  <id value="329f09da-0fc9-419d-9575-ace68954426A"/>
  <meta>
    <profile value="http://i-tech-uw.github.io/openelis-global-ig/StructureDefinition/openelis-patient"/>
  </meta>
  <text>
    <status value="generated"/><div xmlns="http://www.w3.org/1999/xhtml"><p><b>moses Mutesa </b> female, DoB: 1988-03-02 ( id: NA121212)</p></div>
  </text>
  <identifier>
    <system value="http://openelis-global.org/pat_nationalId"/>
    <value value="NA121212"/>
  </identifier>
  <identifier>
    <system value="http://openelis-global.org/pat_subjectNumber"/>
    <value value="121213"/>
  </identifier>
  <identifier>
    <system value="http://openelis-global.org/pat_stNumber"/>
    <value value="121214"/>
  </identifier>
  <identifier>
    <system value="http://openelis-global.org/pat_guid"/>
    <value value="329f09da-0fc9-419d-9575-ace689544229"/>
  </identifier>
  <identifier>
    <system value="http://openelis-global.org/pat_uuid"/>
    <value value="329f09da-0fc9-419d-9575-ace689544269"/>
  </identifier>
  <active value="true"/>
  <name>
    <family value="Mutesa"/>
    <given value="moses"/>
  </name>
  <gender value="female"/>
  <birthDate value="1988-03-02"/>
</Patient>