<?xml version="1.0" encoding="UTF-8"?>

<ValueSet xmlns="http://hl7.org/fhir">
  <id value="open-elis-service-request-intent-vs"/>
  <text>
    <status value="extensions"/><div xmlns="http://www.w3.org/1999/xhtml"><ul><li>Include these codes as defined in <a href="CodeSystem-task-intent-code-system.html"><code>https://i-tech-uw.github.io/openelis-global2-fhir-ig/codesystem-task-intent</code></a><table class="none"><tr><td style="white-space:nowrap"><b>Code</b></td><td><b>Display</b></td><td><b>Definition</b></td></tr><tr><td><a href="CodeSystem-task-intent-code-system.html#task-intent-code-system-order">order</a></td><td>Order</td><td>The request represents a request/demand and authorization for action by a Practitioner.</td></tr><tr><td><a href="CodeSystem-task-intent-code-system.html#task-intent-code-system-original-order">original-order</a></td><td>Original-Order</td><td>The request represents an original authorization for action.</td></tr></table></li></ul></div>
  </text>
  <url value="http://i-tech-uw.github.io/openelis-global-ig/ValueSet/open-elis-service-request-intent-vs"/>
  <version value="0.1.0"/>
  <name value="OpenElisServiceRequestIntentVs"/>
  <title value="Service Request Intent Valueset"/>
  <status value="active"/>
  <date value="2023-02-20T12:30:13+00:00"/>
  <contact>
    <name value="I-TECH-UW"/>
    <telecom>
      <system value="url"/>
      <value value="www.github.com/i-tech-uw"/>
    </telecom>
  </contact>
  <description value="OpenElis Service Request Intent Valueset"/>
  <compose>
    <include>
      <system value="https://i-tech-uw.github.io/openelis-global2-fhir-ig/codesystem-task-intent"/>
      <concept>
        <code value="order"/>
      </concept>
      <concept>
        <code value="original-order"/>
      </concept>
    </include>
  </compose>
</ValueSet>