<?xml version="1.0" encoding="UTF-8"?>

<ValueSet xmlns="http://hl7.org/fhir">
  <id value="OpenELISTaskStatusVS"/>
  <text>
    <status value="extensions"/><div xmlns="http://www.w3.org/1999/xhtml"><ul><li>Include these codes as defined in <a href="CodeSystem-task-status-code-system.html"><code>https://i-tech-uw.github.io/openelis-global2-fhir-ig/codesystem-task-status</code></a><table class="none"><tr><td style="white-space:nowrap"><b>Code</b></td><td><b>Display</b></td><td><b>Definition</b></td></tr><tr><td><a href="CodeSystem-task-status-code-system.html#task-status-code-system-ready">ready</a></td><td>Ready</td><td>The task is ready to be performed, but no action has yet been taken</td></tr><tr><td><a href="CodeSystem-task-status-code-system.html#task-status-code-system-in-progress">in-progress</a></td><td>In Pregress</td><td>The task has been started but is not yet complete.</td></tr><tr><td><a href="CodeSystem-task-status-code-system.html#task-status-code-system-completed">completed</a></td><td>The task has been completed.</td><td>The task has been completed.</td></tr></table></li></ul></div>
  </text>
  <url value="http://i-tech-uw.github.io/openelis-global-ig/ValueSet/OpenELISTaskStatusVS"/>
  <version value="0.1.0"/>
  <name value="OpenELISTaskStatusVS"/>
  <title value="Task Status Valueset"/>
  <status value="active"/>
  <date value="2023-02-20T01:58:23+00:00"/>
  <contact>
    <name value="I-TECH-UW"/>
    <telecom>
      <system value="url"/>
      <value value="www.github.com/i-tech-uw"/>
    </telecom>
  </contact>
  <description value="Task Status Valueset"/>
  <compose>
    <include>
      <system value="https://i-tech-uw.github.io/openelis-global2-fhir-ig/codesystem-task-status"/>
      <concept>
        <code value="ready"/>
      </concept>
      <concept>
        <code value="in-progress"/>
      </concept>
      <concept>
        <code value="completed"/>
        <display value="The task has been completed."/>
      </concept>
    </include>
  </compose>
</ValueSet>