<?xml version="1.0" encoding="UTF-8"?><CodeSystem xmlns="http://hl7.org/fhir"><id value="obs-status-cs"/><text><status value="generated"/><div xmlns="http://www.w3.org/1999/xhtml"><p>This code system <code>https://i-tech-uw.github.io/openelis-global2-fhir-ig/codesystem-observation-status</code> defines the following codes:</p><table class="codes"><tr><td style="white-space:nowrap"><b>Code</b></td><td><b>Display</b></td><td><b>Definition</b></td></tr><tr><td style="white-space:nowrap">unknown<a name="obs-status-cs-unknown"> </a></td><td>Unknown</td><td>The authoring/source system does not know which of the status values currently applies for this observation. Note: This concept is not to be used for &quot;other&quot; - one of the listed statuses is presumed to apply, but the authoring/source system does not know which.</td></tr><tr><td style="white-space:nowrap">final<a name="obs-status-cs-final"> </a></td><td>Final</td><td>The observation is complete and there are no further actions needed. Additional information such &quot;released&quot;, &quot;signed&quot;, etc would be represented using [Provenance](provenance.html) which provides not only the act but also the actors and dates and other related data. These act states would be associated with an observation status of `preliminary` until they are all completed and then a status of `final` would be applied.</td></tr><tr><td style="white-space:nowrap">preliminary<a name="obs-status-cs-preliminary"> </a></td><td>Preliminary</td><td>This is an initial or interim observation: data may be incomplete or unverified.</td></tr></table></div></text><url value="https://i-tech-uw.github.io/openelis-global2-fhir-ig/codesystem-observation-status"/><version value="0.1.0"/><name value="ObsStatusCS"/><title value="ObservationStatus"/><status value="active"/><date value="2023-03-03T05:49:15+00:00"/><contact><name value="I-TECH-UW"/><telecom><system value="url"/><value value="www.github.com/i-tech-uw"/></telecom></contact><description value="Observation Status Code system"/><content value="complete"/><count value="3"/><concept><code value="unknown"/><display value="Unknown"/><definition value="The authoring/source system does not know which of the status values currently applies for this observation. Note: This concept is not to be used for &quot;other&quot; - one of the listed statuses is presumed to apply, but the authoring/source system does not know which."/></concept><concept><code value="final"/><display value="Final"/><definition value="The observation is complete and there are no further actions needed. Additional information such &quot;released&quot;, &quot;signed&quot;, etc would be represented using [Provenance](provenance.html) which provides not only the act but also the actors and dates and other related data. These act states would be associated with an observation status of `preliminary` until they are all completed and then a status of `final` would be applied."/></concept><concept><code value="preliminary"/><display value="Preliminary"/><definition value="This is an initial or interim observation: data may be incomplete or unverified."/></concept></CodeSystem>