<?xml version="1.0" encoding="UTF-8"?><CodeSystem xmlns="http://hl7.org/fhir"><id value="specimen-status-code-system"/><text><status value="generated"/><div xmlns="http://www.w3.org/1999/xhtml"><p>This code system <code>https://i-tech-uw.github.io/openelis-global2-fhir-ig/codesystem-specimen-status</code> defines the following codes:</p><table class="codes"><tr><td style="white-space:nowrap"><b>Code</b></td><td><b>Display</b></td><td><b>Definition</b></td></tr><tr><td style="white-space:nowrap">available<a name="specimen-status-code-system-available"> </a></td><td>Available</td><td>The physical specimen is present and in good condition.</td></tr></table></div></text><url value="https://i-tech-uw.github.io/openelis-global2-fhir-ig/codesystem-specimen-status"/><version value="0.1.0"/><name value="SpecimenStatusCodeSystem"/><title value="Specimen Status"/><status value="active"/><date value="2023-03-03T05:49:08+00:00"/><contact><name value="I-TECH-UW"/><telecom><system value="url"/><value value="www.github.com/i-tech-uw"/></telecom></contact><description value="Specimen Status Code System"/><content value="complete"/><count value="1"/><concept><code value="available"/><display value="Available"/><definition value="The physical specimen is present and in good condition."/></concept></CodeSystem>