<?xml version="1.0" encoding="UTF-8"?><ValueSet xmlns="http://hl7.org/fhir"><id value="open-elis-diagnostic-report--status-vs"/><text><status value="extensions"/><div xmlns="http://www.w3.org/1999/xhtml"><ul><li>Include these codes as defined in <a href="CodeSystem-diagnostic-report--status-code-system.html"><code>https://i-tech-uw.github.io/openelis-global2-fhir-ig/codesystem-diagnostic-report-status</code></a><table class="none"><tr><td style="white-space:nowrap"><b>Code</b></td><td><b>Display</b></td><td><b>Definition</b></td></tr><tr><td><a href="CodeSystem-diagnostic-report--status-code-system.html#diagnostic-report--status-code-system-final">final</a></td><td>Final</td><td>The report is complete and verified by an authorized person.</td></tr><tr><td><a href="CodeSystem-diagnostic-report--status-code-system.html#diagnostic-report--status-code-system-preliminary">preliminary</a></td><td>Preliminary</td><td>Verified early results are available, but not all results are final.</td></tr><tr><td><a href="CodeSystem-diagnostic-report--status-code-system.html#diagnostic-report--status-code-system-registered">registered</a></td><td>Registered</td><td>The existence of the report is registered, but there is nothing yet available.</td></tr><tr><td><a href="CodeSystem-diagnostic-report--status-code-system.html#diagnostic-report--status-code-system-unknown">unknown</a></td><td>Unknown</td><td>The authoring/source system does not know which of the status values currently applies for this observation. Note: This concept is not to be used for &quot;other&quot; - one of the listed statuses is presumed to apply, but the authoring/source system does not know which.</td></tr></table></li></ul></div></text><url value="http://i-tech-uw.github.io/openelis-global-ig/ValueSet/open-elis-diagnostic-report--status-vs"/><version value="0.1.0"/><name value="OpenElisDiagnosticReportStatusVs"/><title value="Diagnostic Report Status Valueset"/><status value="active"/><date value="2023-03-03T05:49:15+00:00"/><contact><name value="I-TECH-UW"/><telecom><system value="url"/><value value="www.github.com/i-tech-uw"/></telecom></contact><description value="OpenElis Diagnostic Report Status Valueset"/><compose><include><system value="https://i-tech-uw.github.io/openelis-global2-fhir-ig/codesystem-diagnostic-report-status"/><concept><code value="final"/></concept><concept><code value="preliminary"/></concept><concept><code value="registered"/></concept><concept><code value="unknown"/></concept></include></compose></ValueSet>