<?xml version="1.0" encoding="UTF-8"?>

<Bundle xmlns="http://hl7.org/fhir">
  <id value="cf8e2d42-c61d-4949-99fa-70ae1db3ccac"/>
  <meta>
    <lastUpdated value="2023-03-03T05:49:15.647+00:00"/>
  </meta>
  <type value="collection"/>
  <entry>
    <fullUrl value="http://i-tech-uw.github.io/openelis-global-ig/ValueSet/OpenElisSpecimenStatusVS"/>
    <resource>
      <ValueSet>
        <id value="OpenElisSpecimenStatusVS"/>
        <text>
          <status value="generated"/>
          <div xmlns="http://www.w3.org/1999/xhtml">
            <p>This value set contains 1 concepts</p>
            <p style="border: black 1px dotted; background-color: #EEEEEE; padding: 8px; margin-bottom: 8px">Expansion based on 
              <a href="CodeSystem-specimen-status-code-system.html">Specimen Status v0.1.0 (CodeSystem)</a>
            </p>
            <table class="codes">
              <tr>
                <td style="white-space:nowrap">
                  <b>Code</b>
                </td>
                <td>
                  <b>System</b>
                </td>
                <td>
                  <b>Display</b>
                </td>
                <td>
                  <b>Definition</b>
                </td>
              </tr>
              <tr>
                <td style="white-space:nowrap">
                  <a name="https---i-tech-uw.github.io-openelis-global2-fhir-ig-codesystem-specimen-status-available"> </a>  
                  <a href="CodeSystem-specimen-status-code-system.html#specimen-status-code-system-available">available</a>
                </td>
                <td>https://i-tech-uw.github.io/openelis-global2-fhir-ig/codesystem-specimen-status</td>
                <td>Available</td>
                <td>
                  <div>
                    <p>The physical specimen is present and in good condition.</p>

                  </div>
                </td>
              </tr>
            </table>
          </div>
        </text>
        <url value="http://i-tech-uw.github.io/openelis-global-ig/ValueSet/OpenElisSpecimenStatusVS"/>
        <version value="0.1.0"/>
        <name value="OpenElisSpecimenStatusVS"/>
        <title value="Specimen status Valueset"/>
        <status value="active"/>
        <date value="2023-03-03T05:49:15+00:00"/>
        <contact>
          <name value="I-TECH-UW"/>
          <telecom>
            <system value="url"/>
            <value value="www.github.com/i-tech-uw"/>
          </telecom>
        </contact>
        <description value="Specimen status Valueset"/>
        <expansion>
          <identifier value="urn:uuid:6d512acd-2f55-4fe6-b322-06bc4a1e755e"/>
          <timestamp value="2023-03-03T05:49:41+00:00"/>
          <total value="1"/>
          <parameter>
            <name value="excludeNested"/>
            <valueBoolean value="false"/>
          </parameter>
          <parameter>
            <name value="version"/>
            <valueUri value="https://i-tech-uw.github.io/openelis-global2-fhir-ig/codesystem-specimen-status|0.1.0"/>
          </parameter>
          <contains>
            <system value="https://i-tech-uw.github.io/openelis-global2-fhir-ig/codesystem-specimen-status"/>
            <code value="available"/>
            <display value="Available"/>
          </contains>
        </expansion>
      </ValueSet>
    </resource>
  </entry>
  <entry>
    <fullUrl value="http://i-tech-uw.github.io/openelis-global-ig/ValueSet/open-elis-service-request-priority-vs"/>
    <resource>
      <ValueSet>
        <id value="open-elis-service-request-priority-vs"/>
        <text>
          <status value="generated"/>
          <div xmlns="http://www.w3.org/1999/xhtml">
            <p>This value set contains 1 concepts</p>
            <p style="border: black 1px dotted; background-color: #EEEEEE; padding: 8px; margin-bottom: 8px">Expansion based on 
              <a href="CodeSystem-service-request-priority-code-system.html">Service Request priority v0.1.0 (CodeSystem)</a>
            </p>
            <table class="codes">
              <tr>
                <td style="white-space:nowrap">
                  <b>Code</b>
                </td>
                <td>
                  <b>System</b>
                </td>
                <td>
                  <b>Display</b>
                </td>
                <td>
                  <b>Definition</b>
                </td>
              </tr>
              <tr>
                <td style="white-space:nowrap">
                  <a name="https---i-tech-uw.github.io-openelis-global2-fhir-ig-codesystem-service-request-priority-routine"> </a>  
                  <a href="CodeSystem-service-request-priority-code-system.html#service-request-priority-code-system-routine">routine</a>
                </td>
                <td>https://i-tech-uw.github.io/openelis-global2-fhir-ig/codesystem-service-request-priority</td>
                <td>Routine</td>
                <td>
                  <div>
                    <p>The request has normal priority.</p>

                  </div>
                </td>
              </tr>
            </table>
          </div>
        </text>
        <url value="http://i-tech-uw.github.io/openelis-global-ig/ValueSet/open-elis-service-request-priority-vs"/>
        <version value="0.1.0"/>
        <name value="OpenElisServiceRequestPriorityVs"/>
        <title value="Service Request priority Valueset"/>
        <status value="active"/>
        <date value="2023-03-03T05:49:15+00:00"/>
        <contact>
          <name value="I-TECH-UW"/>
          <telecom>
            <system value="url"/>
            <value value="www.github.com/i-tech-uw"/>
          </telecom>
        </contact>
        <description value="OpenElis Service Request Priority Valueset"/>
        <expansion>
          <identifier value="urn:uuid:bc041368-5aa3-4ae6-b0b3-44d33abc3164"/>
          <timestamp value="2023-03-03T05:49:42+00:00"/>
          <total value="1"/>
          <parameter>
            <name value="excludeNested"/>
            <valueBoolean value="false"/>
          </parameter>
          <parameter>
            <name value="version"/>
            <valueUri value="https://i-tech-uw.github.io/openelis-global2-fhir-ig/codesystem-service-request-priority|0.1.0"/>
          </parameter>
          <contains>
            <system value="https://i-tech-uw.github.io/openelis-global2-fhir-ig/codesystem-service-request-priority"/>
            <code value="routine"/>
            <display value="Routine"/>
          </contains>
        </expansion>
      </ValueSet>
    </resource>
  </entry>
  <entry>
    <fullUrl value="http://i-tech-uw.github.io/openelis-global-ig/ValueSet/open-elis-service-request-status-vs"/>
    <resource>
      <ValueSet>
        <id value="open-elis-service-request-status-vs"/>
        <text>
          <status value="generated"/>
          <div xmlns="http://www.w3.org/1999/xhtml">
            <p>This value set contains 3 concepts</p>
            <p style="border: black 1px dotted; background-color: #EEEEEE; padding: 8px; margin-bottom: 8px">Expansion based on 
              <a href="CodeSystem-service-request-status-code-system.html">Service Request Status v0.1.0 (CodeSystem)</a>
            </p>
            <table class="codes">
              <tr>
                <td style="white-space:nowrap">
                  <b>Code</b>
                </td>
                <td>
                  <b>System</b>
                </td>
                <td>
                  <b>Display</b>
                </td>
                <td>
                  <b>Definition</b>
                </td>
              </tr>
              <tr>
                <td style="white-space:nowrap">
                  <a name="https---i-tech-uw.github.io-openelis-global2-fhir-ig-codesystem-service-request-status-active"> </a>  
                  <a href="CodeSystem-service-request-status-code-system.html#service-request-status-code-system-active">active</a>
                </td>
                <td>https://i-tech-uw.github.io/openelis-global2-fhir-ig/codesystem-service-request-status</td>
                <td>Active</td>
                <td>
                  <div>
                    <p>The request is in force and ready to be acted upon.</p>

                  </div>
                </td>
              </tr>
              <tr>
                <td style="white-space:nowrap">
                  <a name="https---i-tech-uw.github.io-openelis-global2-fhir-ig-codesystem-service-request-status-completed"> </a>  
                  <a href="CodeSystem-service-request-status-code-system.html#service-request-status-code-system-completed">completed</a>
                </td>
                <td>https://i-tech-uw.github.io/openelis-global2-fhir-ig/codesystem-service-request-status</td>
                <td>Completed</td>
                <td>
                  <div>
                    <pre>
                      <code>The activity described by the request has been fully performed. No further activity will occur.
</code>
                    </pre>

                  </div>
                </td>
              </tr>
              <tr>
                <td style="white-space:nowrap">
                  <a name="https---i-tech-uw.github.io-openelis-global2-fhir-ig-codesystem-service-request-status-revoked"> </a>  
                  <a href="CodeSystem-service-request-status-code-system.html#service-request-status-code-system-revoked">revoked</a>
                </td>
                <td>https://i-tech-uw.github.io/openelis-global2-fhir-ig/codesystem-service-request-status</td>
                <td>Revoked</td>
                <td>
                  <div>
                    <p>The request (and any implicit authorization to act) has been terminated prior to the known full completion of the intended actions. No further activity should occur.</p>

                  </div>
                </td>
              </tr>
            </table>
          </div>
        </text>
        <url value="http://i-tech-uw.github.io/openelis-global-ig/ValueSet/open-elis-service-request-status-vs"/>
        <version value="0.1.0"/>
        <name value="OpenElisServiceRequestStatusVs"/>
        <title value="Service Request Status Valueset"/>
        <status value="active"/>
        <date value="2023-03-03T05:49:15+00:00"/>
        <contact>
          <name value="I-TECH-UW"/>
          <telecom>
            <system value="url"/>
            <value value="www.github.com/i-tech-uw"/>
          </telecom>
        </contact>
        <description value="OpenElis Service Request Status Valueset"/>
        <expansion>
          <identifier value="urn:uuid:f40caa32-3e26-499b-9a26-c1cf29be67f8"/>
          <timestamp value="2023-03-03T05:49:42+00:00"/>
          <total value="3"/>
          <parameter>
            <name value="excludeNested"/>
            <valueBoolean value="false"/>
          </parameter>
          <parameter>
            <name value="version"/>
            <valueUri value="https://i-tech-uw.github.io/openelis-global2-fhir-ig/codesystem-service-request-status|0.1.0"/>
          </parameter>
          <contains>
            <system value="https://i-tech-uw.github.io/openelis-global2-fhir-ig/codesystem-service-request-status"/>
            <code value="active"/>
            <display value="Active"/>
          </contains>
          <contains>
            <system value="https://i-tech-uw.github.io/openelis-global2-fhir-ig/codesystem-service-request-status"/>
            <code value="completed"/>
            <display value="Completed"/>
          </contains>
          <contains>
            <system value="https://i-tech-uw.github.io/openelis-global2-fhir-ig/codesystem-service-request-status"/>
            <code value="revoked"/>
            <display value="Revoked"/>
          </contains>
        </expansion>
      </ValueSet>
    </resource>
  </entry>
  <entry>
    <fullUrl value="http://i-tech-uw.github.io/openelis-global-ig/ValueSet/OpenELISTaskStatusVS"/>
    <resource>
      <ValueSet>
        <id value="OpenELISTaskStatusVS"/>
        <text>
          <status value="generated"/>
          <div xmlns="http://www.w3.org/1999/xhtml">
            <p>This value set contains 3 concepts</p>
            <p style="border: black 1px dotted; background-color: #EEEEEE; padding: 8px; margin-bottom: 8px">Expansion based on 
              <a href="CodeSystem-task-status-code-system.html">Task Status v0.1.0 (CodeSystem)</a>
            </p>
            <table class="codes">
              <tr>
                <td style="white-space:nowrap">
                  <b>Code</b>
                </td>
                <td>
                  <b>System</b>
                </td>
                <td>
                  <b>Display</b>
                </td>
                <td>
                  <b>Definition</b>
                </td>
              </tr>
              <tr>
                <td style="white-space:nowrap">
                  <a name="https---i-tech-uw.github.io-openelis-global2-fhir-ig-codesystem-task-status-ready"> </a>  
                  <a href="CodeSystem-task-status-code-system.html#task-status-code-system-ready">ready</a>
                </td>
                <td>https://i-tech-uw.github.io/openelis-global2-fhir-ig/codesystem-task-status</td>
                <td>Ready</td>
                <td>
                  <div>
                    <p>The task is ready to be performed, but no action has yet been taken</p>

                  </div>
                </td>
              </tr>
              <tr>
                <td style="white-space:nowrap">
                  <a name="https---i-tech-uw.github.io-openelis-global2-fhir-ig-codesystem-task-status-in-progress"> </a>  
                  <a href="CodeSystem-task-status-code-system.html#task-status-code-system-in-progress">in-progress</a>
                </td>
                <td>https://i-tech-uw.github.io/openelis-global2-fhir-ig/codesystem-task-status</td>
                <td>In Pregress</td>
                <td>
                  <div>
                    <p>The task has been started but is not yet complete.</p>

                  </div>
                </td>
              </tr>
              <tr>
                <td style="white-space:nowrap">
                  <a name="https---i-tech-uw.github.io-openelis-global2-fhir-ig-codesystem-task-status-completed"> </a>  
                  <a href="CodeSystem-task-status-code-system.html#task-status-code-system-completed">completed</a>
                </td>
                <td>https://i-tech-uw.github.io/openelis-global2-fhir-ig/codesystem-task-status</td>
                <td>The task has been completed.</td>
                <td>
                  <div>
                    <p>The task has been completed.</p>

                  </div>
                </td>
              </tr>
            </table>
          </div>
        </text>
        <url value="http://i-tech-uw.github.io/openelis-global-ig/ValueSet/OpenELISTaskStatusVS"/>
        <version value="0.1.0"/>
        <name value="OpenELISTaskStatusVS"/>
        <title value="Task Status Valueset"/>
        <status value="active"/>
        <date value="2023-03-03T05:49:15+00:00"/>
        <contact>
          <name value="I-TECH-UW"/>
          <telecom>
            <system value="url"/>
            <value value="www.github.com/i-tech-uw"/>
          </telecom>
        </contact>
        <description value="Task Status Valueset"/>
        <expansion>
          <identifier value="urn:uuid:34d097e6-fc00-4215-bf44-bd05d86ccd1e"/>
          <timestamp value="2023-03-03T05:49:43+00:00"/>
          <total value="3"/>
          <parameter>
            <name value="excludeNested"/>
            <valueBoolean value="false"/>
          </parameter>
          <parameter>
            <name value="version"/>
            <valueUri value="https://i-tech-uw.github.io/openelis-global2-fhir-ig/codesystem-task-status|0.1.0"/>
          </parameter>
          <contains>
            <system value="https://i-tech-uw.github.io/openelis-global2-fhir-ig/codesystem-task-status"/>
            <code value="ready"/>
            <display value="Ready"/>
          </contains>
          <contains>
            <system value="https://i-tech-uw.github.io/openelis-global2-fhir-ig/codesystem-task-status"/>
            <code value="in-progress"/>
            <display value="In Pregress"/>
          </contains>
          <contains>
            <system value="https://i-tech-uw.github.io/openelis-global2-fhir-ig/codesystem-task-status"/>
            <code value="completed"/>
            <display value="The task has been completed."/>
          </contains>
        </expansion>
      </ValueSet>
    </resource>
  </entry>
  <entry>
    <fullUrl value="http://i-tech-uw.github.io/openelis-global-ig/ValueSet/OpenELISObservationVS"/>
    <resource>
      <ValueSet>
        <id value="OpenELISObservationVS"/>
        <text>
          <status value="generated"/>
          <div xmlns="http://www.w3.org/1999/xhtml">
            <p>This value set contains 3 concepts</p>
            <p style="border: black 1px dotted; background-color: #EEEEEE; padding: 8px; margin-bottom: 8px">Expansion based on 
              <a href="CodeSystem-obs-status-cs.html">ObservationStatus v0.1.0 (CodeSystem)</a>
            </p>
            <table class="codes">
              <tr>
                <td style="white-space:nowrap">
                  <b>Code</b>
                </td>
                <td>
                  <b>System</b>
                </td>
                <td>
                  <b>Display</b>
                </td>
                <td>
                  <b>Definition</b>
                </td>
              </tr>
              <tr>
                <td style="white-space:nowrap">
                  <a name="https---i-tech-uw.github.io-openelis-global2-fhir-ig-codesystem-observation-status-unknown"> </a>  
                  <a href="CodeSystem-obs-status-cs.html#obs-status-cs-unknown">unknown</a>
                </td>
                <td>https://i-tech-uw.github.io/openelis-global2-fhir-ig/codesystem-observation-status</td>
                <td>Unknown</td>
                <td>
                  <div>
                    <p>The authoring/source system does not know which of the status values currently applies for this observation. Note: This concept is not to be used for &quot;other&quot; - one of the listed statuses is presumed to apply, but the authoring/source system does not know which.</p>

                  </div>
                </td>
              </tr>
              <tr>
                <td style="white-space:nowrap">
                  <a name="https---i-tech-uw.github.io-openelis-global2-fhir-ig-codesystem-observation-status-final"> </a>  
                  <a href="CodeSystem-obs-status-cs.html#obs-status-cs-final">final</a>
                </td>
                <td>https://i-tech-uw.github.io/openelis-global2-fhir-ig/codesystem-observation-status</td>
                <td>Final</td>
                <td>
                  <div>
                    <p>The observation is complete and there are no further actions needed. Additional information such &quot;released&quot;, &quot;signed&quot;, etc would be represented using 
                      <a href="provenance.html">Provenance</a> which provides not only the act but also the actors and dates and other related data. These act states would be associated with an observation status of 
                      <code>preliminary</code> until they are all completed and then a status of 
                      <code>final</code> would be applied.
                    </p>

                  </div>
                </td>
              </tr>
              <tr>
                <td style="white-space:nowrap">
                  <a name="https---i-tech-uw.github.io-openelis-global2-fhir-ig-codesystem-observation-status-preliminary"> </a>  
                  <a href="CodeSystem-obs-status-cs.html#obs-status-cs-preliminary">preliminary</a>
                </td>
                <td>https://i-tech-uw.github.io/openelis-global2-fhir-ig/codesystem-observation-status</td>
                <td>Preliminary</td>
                <td>
                  <div>
                    <p>This is an initial or interim observation: data may be incomplete or unverified.</p>

                  </div>
                </td>
              </tr>
            </table>
          </div>
        </text>
        <url value="http://i-tech-uw.github.io/openelis-global-ig/ValueSet/OpenELISObservationVS"/>
        <version value="0.1.0"/>
        <name value="OpenELISObservationVS"/>
        <title value="Observation Intent Valueset"/>
        <status value="active"/>
        <date value="2023-03-03T05:49:15+00:00"/>
        <contact>
          <name value="I-TECH-UW"/>
          <telecom>
            <system value="url"/>
            <value value="www.github.com/i-tech-uw"/>
          </telecom>
        </contact>
        <description value="Observation Intent Valueset"/>
        <expansion>
          <identifier value="urn:uuid:42ac49d3-2d92-460c-9418-479387716aca"/>
          <timestamp value="2023-03-03T05:49:43+00:00"/>
          <total value="3"/>
          <parameter>
            <name value="excludeNested"/>
            <valueBoolean value="false"/>
          </parameter>
          <parameter>
            <name value="version"/>
            <valueUri value="https://i-tech-uw.github.io/openelis-global2-fhir-ig/codesystem-observation-status|0.1.0"/>
          </parameter>
          <contains>
            <system value="https://i-tech-uw.github.io/openelis-global2-fhir-ig/codesystem-observation-status"/>
            <code value="unknown"/>
            <display value="Unknown"/>
          </contains>
          <contains>
            <system value="https://i-tech-uw.github.io/openelis-global2-fhir-ig/codesystem-observation-status"/>
            <code value="final"/>
            <display value="Final"/>
          </contains>
          <contains>
            <system value="https://i-tech-uw.github.io/openelis-global2-fhir-ig/codesystem-observation-status"/>
            <code value="preliminary"/>
            <display value="Preliminary"/>
          </contains>
        </expansion>
      </ValueSet>
    </resource>
  </entry>
  <entry>
    <fullUrl value="http://i-tech-uw.github.io/openelis-global-ig/ValueSet/open-elis-service-request-intent-vs"/>
    <resource>
      <ValueSet>
        <id value="open-elis-service-request-intent-vs"/>
        <text>
          <status value="generated"/>
          <div xmlns="http://www.w3.org/1999/xhtml">
            <p>This value set contains 2 concepts</p>
            <p style="border: black 1px dotted; background-color: #EEEEEE; padding: 8px; margin-bottom: 8px">Expansion based on 
              <a href="CodeSystem-task-intent-code-system.html">Task Intent v0.1.0 (CodeSystem)</a>
            </p>
            <table class="codes">
              <tr>
                <td style="white-space:nowrap">
                  <b>Code</b>
                </td>
                <td>
                  <b>System</b>
                </td>
                <td>
                  <b>Display</b>
                </td>
                <td>
                  <b>Definition</b>
                </td>
              </tr>
              <tr>
                <td style="white-space:nowrap">
                  <a name="https---i-tech-uw.github.io-openelis-global2-fhir-ig-codesystem-task-intent-order"> </a>  
                  <a href="CodeSystem-task-intent-code-system.html#task-intent-code-system-order">order</a>
                </td>
                <td>https://i-tech-uw.github.io/openelis-global2-fhir-ig/codesystem-task-intent</td>
                <td>Order</td>
                <td>
                  <div>
                    <p>The request represents a request/demand and authorization for action by a Practitioner.</p>

                  </div>
                </td>
              </tr>
              <tr>
                <td style="white-space:nowrap">
                  <a name="https---i-tech-uw.github.io-openelis-global2-fhir-ig-codesystem-task-intent-original-order"> </a>  
                  <a href="CodeSystem-task-intent-code-system.html#task-intent-code-system-original-order">original-order</a>
                </td>
                <td>https://i-tech-uw.github.io/openelis-global2-fhir-ig/codesystem-task-intent</td>
                <td>Original-Order</td>
                <td>
                  <div>
                    <p>The request represents an original authorization for action.</p>

                  </div>
                </td>
              </tr>
            </table>
          </div>
        </text>
        <url value="http://i-tech-uw.github.io/openelis-global-ig/ValueSet/open-elis-service-request-intent-vs"/>
        <version value="0.1.0"/>
        <name value="OpenElisServiceRequestIntentVs"/>
        <title value="Service Request Intent Valueset"/>
        <status value="active"/>
        <date value="2023-03-03T05:49:15+00:00"/>
        <contact>
          <name value="I-TECH-UW"/>
          <telecom>
            <system value="url"/>
            <value value="www.github.com/i-tech-uw"/>
          </telecom>
        </contact>
        <description value="OpenElis Service Request Intent Valueset"/>
        <expansion>
          <identifier value="urn:uuid:dc7f1466-31bb-4d57-8c22-626318dc2855"/>
          <timestamp value="2023-03-03T05:49:43+00:00"/>
          <total value="2"/>
          <parameter>
            <name value="excludeNested"/>
            <valueBoolean value="false"/>
          </parameter>
          <parameter>
            <name value="version"/>
            <valueUri value="https://i-tech-uw.github.io/openelis-global2-fhir-ig/codesystem-task-intent|0.1.0"/>
          </parameter>
          <contains>
            <system value="https://i-tech-uw.github.io/openelis-global2-fhir-ig/codesystem-task-intent"/>
            <code value="order"/>
            <display value="Order"/>
          </contains>
          <contains>
            <system value="https://i-tech-uw.github.io/openelis-global2-fhir-ig/codesystem-task-intent"/>
            <code value="original-order"/>
            <display value="Original-Order"/>
          </contains>
        </expansion>
      </ValueSet>
    </resource>
  </entry>
  <entry>
    <fullUrl value="http://i-tech-uw.github.io/openelis-global-ig/ValueSet/OpenELISTaskIntentVS"/>
    <resource>
      <ValueSet>
        <id value="OpenELISTaskIntentVS"/>
        <text>
          <status value="generated"/>
          <div xmlns="http://www.w3.org/1999/xhtml">
            <p>This value set contains 2 concepts</p>
            <p style="border: black 1px dotted; background-color: #EEEEEE; padding: 8px; margin-bottom: 8px">Expansion based on 
              <a href="CodeSystem-task-intent-code-system.html">Task Intent v0.1.0 (CodeSystem)</a>
            </p>
            <table class="codes">
              <tr>
                <td style="white-space:nowrap">
                  <b>Code</b>
                </td>
                <td>
                  <b>System</b>
                </td>
                <td>
                  <b>Display</b>
                </td>
                <td>
                  <b>Definition</b>
                </td>
              </tr>
              <tr>
                <td style="white-space:nowrap">
                  <a name="https---i-tech-uw.github.io-openelis-global2-fhir-ig-codesystem-task-intent-order"> </a>  
                  <a href="CodeSystem-task-intent-code-system.html#task-intent-code-system-order">order</a>
                </td>
                <td>https://i-tech-uw.github.io/openelis-global2-fhir-ig/codesystem-task-intent</td>
                <td>Order</td>
                <td>
                  <div>
                    <p>The request represents a request/demand and authorization for action by a Practitioner.</p>

                  </div>
                </td>
              </tr>
              <tr>
                <td style="white-space:nowrap">
                  <a name="https---i-tech-uw.github.io-openelis-global2-fhir-ig-codesystem-task-intent-original-order"> </a>  
                  <a href="CodeSystem-task-intent-code-system.html#task-intent-code-system-original-order">original-order</a>
                </td>
                <td>https://i-tech-uw.github.io/openelis-global2-fhir-ig/codesystem-task-intent</td>
                <td>Original-Order</td>
                <td>
                  <div>
                    <p>The request represents an original authorization for action.</p>

                  </div>
                </td>
              </tr>
            </table>
          </div>
        </text>
        <url value="http://i-tech-uw.github.io/openelis-global-ig/ValueSet/OpenELISTaskIntentVS"/>
        <version value="0.1.0"/>
        <name value="OpenELISTaskIntentVS"/>
        <title value="Task Intent Valueset"/>
        <status value="active"/>
        <date value="2023-03-03T05:49:15+00:00"/>
        <contact>
          <name value="I-TECH-UW"/>
          <telecom>
            <system value="url"/>
            <value value="www.github.com/i-tech-uw"/>
          </telecom>
        </contact>
        <description value="Task Intent Valueset"/>
        <expansion>
          <identifier value="urn:uuid:cc642318-b435-467f-a972-bf0cc6e86e05"/>
          <timestamp value="2023-03-03T05:49:45+00:00"/>
          <total value="2"/>
          <parameter>
            <name value="excludeNested"/>
            <valueBoolean value="false"/>
          </parameter>
          <parameter>
            <name value="version"/>
            <valueUri value="https://i-tech-uw.github.io/openelis-global2-fhir-ig/codesystem-task-intent|0.1.0"/>
          </parameter>
          <contains>
            <system value="https://i-tech-uw.github.io/openelis-global2-fhir-ig/codesystem-task-intent"/>
            <code value="order"/>
            <display value="Order"/>
          </contains>
          <contains>
            <system value="https://i-tech-uw.github.io/openelis-global2-fhir-ig/codesystem-task-intent"/>
            <code value="original-order"/>
            <display value="Original-Order"/>
          </contains>
        </expansion>
      </ValueSet>
    </resource>
  </entry>
  <entry>
    <fullUrl value="http://i-tech-uw.github.io/openelis-global-ig/ValueSet/open-elis-diagnostic-report--status-vs"/>
    <resource>
      <ValueSet>
        <id value="open-elis-diagnostic-report--status-vs"/>
        <text>
          <status value="generated"/>
          <div xmlns="http://www.w3.org/1999/xhtml">
            <p>This value set contains 4 concepts</p>
            <p style="border: black 1px dotted; background-color: #EEEEEE; padding: 8px; margin-bottom: 8px">Expansion based on 
              <a href="CodeSystem-diagnostic-report--status-code-system.html">Diagnostic Report Status v0.1.0 (CodeSystem)</a>
            </p>
            <table class="codes">
              <tr>
                <td style="white-space:nowrap">
                  <b>Code</b>
                </td>
                <td>
                  <b>System</b>
                </td>
                <td>
                  <b>Display</b>
                </td>
                <td>
                  <b>Definition</b>
                </td>
              </tr>
              <tr>
                <td style="white-space:nowrap">
                  <a name="https---i-tech-uw.github.io-openelis-global2-fhir-ig-codesystem-diagnostic-report-status-final"> </a>  
                  <a href="CodeSystem-diagnostic-report--status-code-system.html#diagnostic-report--status-code-system-final">final</a>
                </td>
                <td>https://i-tech-uw.github.io/openelis-global2-fhir-ig/codesystem-diagnostic-report-status</td>
                <td>Final</td>
                <td>
                  <div>
                    <p>The report is complete and verified by an authorized person.</p>

                  </div>
                </td>
              </tr>
              <tr>
                <td style="white-space:nowrap">
                  <a name="https---i-tech-uw.github.io-openelis-global2-fhir-ig-codesystem-diagnostic-report-status-preliminary"> </a>  
                  <a href="CodeSystem-diagnostic-report--status-code-system.html#diagnostic-report--status-code-system-preliminary">preliminary</a>
                </td>
                <td>https://i-tech-uw.github.io/openelis-global2-fhir-ig/codesystem-diagnostic-report-status</td>
                <td>Preliminary</td>
                <td>
                  <div>
                    <p>Verified early results are available, but not all results are final.</p>

                  </div>
                </td>
              </tr>
              <tr>
                <td style="white-space:nowrap">
                  <a name="https---i-tech-uw.github.io-openelis-global2-fhir-ig-codesystem-diagnostic-report-status-registered"> </a>  
                  <a href="CodeSystem-diagnostic-report--status-code-system.html#diagnostic-report--status-code-system-registered">registered</a>
                </td>
                <td>https://i-tech-uw.github.io/openelis-global2-fhir-ig/codesystem-diagnostic-report-status</td>
                <td>Registered</td>
                <td>
                  <div>
                    <p>The existence of the report is registered, but there is nothing yet available.</p>

                  </div>
                </td>
              </tr>
              <tr>
                <td style="white-space:nowrap">
                  <a name="https---i-tech-uw.github.io-openelis-global2-fhir-ig-codesystem-diagnostic-report-status-unknown"> </a>  
                  <a href="CodeSystem-diagnostic-report--status-code-system.html#diagnostic-report--status-code-system-unknown">unknown</a>
                </td>
                <td>https://i-tech-uw.github.io/openelis-global2-fhir-ig/codesystem-diagnostic-report-status</td>
                <td>Unknown</td>
                <td>
                  <div>
                    <p>The authoring/source system does not know which of the status values currently applies for this observation. Note: This concept is not to be used for &quot;other&quot; - one of the listed statuses is presumed to apply, but the authoring/source system does not know which.</p>

                  </div>
                </td>
              </tr>
            </table>
          </div>
        </text>
        <url value="http://i-tech-uw.github.io/openelis-global-ig/ValueSet/open-elis-diagnostic-report--status-vs"/>
        <version value="0.1.0"/>
        <name value="OpenElisDiagnosticReportStatusVs"/>
        <title value="Diagnostic Report Status Valueset"/>
        <status value="active"/>
        <date value="2023-03-03T05:49:15+00:00"/>
        <contact>
          <name value="I-TECH-UW"/>
          <telecom>
            <system value="url"/>
            <value value="www.github.com/i-tech-uw"/>
          </telecom>
        </contact>
        <description value="OpenElis Diagnostic Report Status Valueset"/>
        <expansion>
          <identifier value="urn:uuid:d597a453-4422-4d28-a3ff-bec001206bd5"/>
          <timestamp value="2023-03-03T05:49:45+00:00"/>
          <total value="4"/>
          <parameter>
            <name value="excludeNested"/>
            <valueBoolean value="false"/>
          </parameter>
          <parameter>
            <name value="version"/>
            <valueUri value="https://i-tech-uw.github.io/openelis-global2-fhir-ig/codesystem-diagnostic-report-status|0.1.0"/>
          </parameter>
          <contains>
            <system value="https://i-tech-uw.github.io/openelis-global2-fhir-ig/codesystem-diagnostic-report-status"/>
            <code value="final"/>
            <display value="Final"/>
          </contains>
          <contains>
            <system value="https://i-tech-uw.github.io/openelis-global2-fhir-ig/codesystem-diagnostic-report-status"/>
            <code value="preliminary"/>
            <display value="Preliminary"/>
          </contains>
          <contains>
            <system value="https://i-tech-uw.github.io/openelis-global2-fhir-ig/codesystem-diagnostic-report-status"/>
            <code value="registered"/>
            <display value="Registered"/>
          </contains>
          <contains>
            <system value="https://i-tech-uw.github.io/openelis-global2-fhir-ig/codesystem-diagnostic-report-status"/>
            <code value="unknown"/>
            <display value="Unknown"/>
          </contains>
        </expansion>
      </ValueSet>
    </resource>
  </entry>
</Bundle>