<?xml version="1.0" encoding="UTF-8"?>

<Observation xmlns="http://hl7.org/fhir">
  <id value="OpenElisObservationExample"/>
  <meta>
    <profile value="http://i-tech-uw.github.io/openelis-global-ig/StructureDefinition/open-elis-observation"/>
  </meta>
  <text>
    <status value="generated"/><div xmlns="http://www.w3.org/1999/xhtml"><p class="res-header-id"><b>Generated Narrative: Observation OpenElisObservationExample</b></p><a name="OpenElisObservationExample"> </a><a name="hcOpenElisObservationExample"> </a><a name="OpenElisObservationExample-en-US"> </a><p><b>identifier</b>: <code>https://demo.openelis-global.org/result_uuid</code>/158999b0-b295-4dfd-a5b0-81ed58733b5f</p><p><b>basedOn</b>: <a href="ServiceRequest-OpenElisServiceRequestExample.html">ServiceRequest CT Chest</a></p><p><b>status</b>: Final</p><p><b>code</b>: <span title="Codes:{http://loinc.org 15074-8}">Glucose [Moles/volume] in Blood</span></p><p><b>subject</b>: <a href="Patient-329f09da-0fc9-419d-9575-ace68954426A.html">moses Mutesa  Male, DoB: 1988-03-02 ( https://demo.openelis-global.org/pat_nationalId#NA121212)</a></p><p><b>value</b>: 55 UI/L</p><p><b>specimen</b>: <a href="Specimen-OpenElisSpecimenExample.html">Specimen: identifier = https://demo.openelis-global.org/sampleItem_uuid#9df49e2d-57f7-4e7b-abb1-54d0a1933253; accessionIdentifier = https://demo.openelis-global.org/sampleItem_labNo#TESTA230000000001751; status = available; type = Plasma; receivedTime = 2023-03-03 07:03:00+0000</a></p></div>
  </text>
  <identifier>
    <system value="https://demo.openelis-global.org/result_uuid"/>
    <value value="158999b0-b295-4dfd-a5b0-81ed58733b5f"/>
  </identifier>
  <basedOn>
    <reference value="ServiceRequest/OpenElisServiceRequestExample"/>
  </basedOn>
  <status value="final"/>
  <code>
    <coding>
      <system value="http://loinc.org"/>
      <code value="15074-8"/>
      <display value="Glucose [Moles/volume] in Blood"/>
    </coding>
  </code>
  <subject>
    <reference value="Patient/329f09da-0fc9-419d-9575-ace68954426A"/>
  </subject>
  <valueQuantity>
    <value value="55"/>
    <unit value="UI/L"/>
  </valueQuantity>
  <specimen>
    <reference value="Specimen/OpenElisSpecimenExample"/>
  </specimen>
</Observation>