{
  "resourceType" : "Observation",
  "id" : "OpenElisObservationExample",
  "meta" : {
    "profile" : ["http://i-tech-uw.github.io/openelis-global-ig/StructureDefinition/open-elis-observation"]
  },
  "text" : {
    "status" : "generated",
    "div" : "<div xmlns=\"http://www.w3.org/1999/xhtml\"><p class=\"res-header-id\"><b>Generated Narrative: Observation OpenElisObservationExample</b></p><a name=\"OpenElisObservationExample\"> </a><a name=\"hcOpenElisObservationExample\"> </a><a name=\"OpenElisObservationExample-en-US\"> </a><p><b>identifier</b>: <code>https://demo.openelis-global.org/result_uuid</code>/158999b0-b295-4dfd-a5b0-81ed58733b5f</p><p><b>basedOn</b>: <a href=\"ServiceRequest-OpenElisServiceRequestExample.html\">ServiceRequest CT Chest</a></p><p><b>status</b>: Final</p><p><b>code</b>: <span title=\"Codes:{http://loinc.org 15074-8}\">Glucose [Moles/volume] in Blood</span></p><p><b>subject</b>: <a href=\"Patient-329f09da-0fc9-419d-9575-ace68954426A.html\">moses Mutesa  Male, DoB: 1988-03-02 ( https://demo.openelis-global.org/pat_nationalId#NA121212)</a></p><p><b>value</b>: 55 UI/L</p><p><b>specimen</b>: <a href=\"Specimen-OpenElisSpecimenExample.html\">Specimen: identifier = https://demo.openelis-global.org/sampleItem_uuid#9df49e2d-57f7-4e7b-abb1-54d0a1933253; accessionIdentifier = https://demo.openelis-global.org/sampleItem_labNo#TESTA230000000001751; status = available; type = Plasma; receivedTime = 2023-03-03 07:03:00+0000</a></p></div>"
  },
  "identifier" : [{
    "system" : "https://demo.openelis-global.org/result_uuid",
    "value" : "158999b0-b295-4dfd-a5b0-81ed58733b5f"
  }],
  "basedOn" : [{
    "reference" : "ServiceRequest/OpenElisServiceRequestExample"
  }],
  "status" : "final",
  "code" : {
    "coding" : [{
      "system" : "http://loinc.org",
      "code" : "15074-8",
      "display" : "Glucose [Moles/volume] in Blood"
    }]
  },
  "subject" : {
    "reference" : "Patient/329f09da-0fc9-419d-9575-ace68954426A"
  },
  "valueQuantity" : {
    "value" : 55,
    "unit" : "UI/L"
  },
  "specimen" : {
    "reference" : "Specimen/OpenElisSpecimenExample"
  }
}