<?xml version="1.0" encoding="UTF-8"?>

<Organization xmlns="http://hl7.org/fhir">
  <id value="bc8479a5-b34b-4578-9d38-a351bc92e614"/>
  <meta>
    <profile value="http://i-tech-uw.github.io/openelis-global-ig/StructureDefinition/open-elisorganisation"/>
  </meta>
  <text>
    <status value="generated"/><div xmlns="http://www.w3.org/1999/xhtml"><p><b>Generated Narrative: Organization</b><a name="bc8479a5-b34b-4578-9d38-a351bc92e614"> </a></p><div style="display: inline-block; background-color: #d9e0e7; padding: 6px; margin: 4px; border: 1px solid #8da1b4; border-radius: 5px; line-height: 60%"><p style="margin-bottom: 0px">Resource Organization &quot;bc8479a5-b34b-4578-9d38-a351bc92e614&quot; </p><p style="margin-bottom: 0px">Profile: <a href="StructureDefinition-open-elisorganisation.html">OpenELIS Organization</a></p></div><p><b>identifier</b>: id: DEPT, id: EID ICAP, id: UG1001, id: a1313f63-29b4-498d-ba12-0e960c683ec0</p><p><b>type</b>: referralLab <span style="background: LightGoldenRodYellow; margin: 4px; border: 1px solid khaki"> ([not stated]#prov)</span></p><p><b>name</b>: Minity Of Health</p><p><b>address</b>: KING GREENWOOD WASHINGTON 98103 </p></div>
  </text>
  <identifier>
    <system value="http://openelis-global.org/org_cliaNum"/>
    <value value="DEPT"/>
  </identifier>
  <identifier>
    <system value="http://openelis-global.org/org_shortName"/>
    <value value="EID ICAP"/>
  </identifier>
  <identifier>
    <system value="http://openelis-global.org/org_code"/>
    <value value="UG1001"/>
  </identifier>
  <identifier>
    <system value="http://openelis-global.org/org_uuid"/>
    <value value="a1313f63-29b4-498d-ba12-0e960c683ec0"/>
  </identifier>
  <type>
    <coding>
      <code value="prov"/>
      <display value="referralLab"/>
    </coding>
  </type>
  <name value="Minity Of Health"/>
  <address>
    <line value="KING"/>
    <city value="GREENWOOD"/>
    <state value="WASHINGTON"/>
    <postalCode value="98103"/>
  </address>
</Organization>