{
  "resourceType" : "Patient",
  "id" : "329f09da-0fc9-419d-9575-ace68954426A",
  "meta" : {
    "profile" : ["http://digi-uw.github.io/openelis-global-ig/StructureDefinition/openelis-patient"]
  },
  "text" : {
    "status" : "generated",
    "div" : "<div xmlns=\"http://www.w3.org/1999/xhtml\"><p class=\"res-header-id\"><b>Generated Narrative: Patient 329f09da-0fc9-419d-9575-ace68954426A</b></p><a name=\"329f09da-0fc9-419d-9575-ace68954426A\"> </a><a name=\"hc329f09da-0fc9-419d-9575-ace68954426A\"> </a><a name=\"329f09da-0fc9-419d-9575-ace68954426A-en-US\"> </a><div style=\"display: inline-block; background-color: #d9e0e7; padding: 6px; margin: 4px; border: 1px solid #8da1b4; border-radius: 5px; line-height: 60%\"><p style=\"margin-bottom: 0px\"/><p style=\"margin-bottom: 0px\">Profile: <a href=\"StructureDefinition-openelis-patient.html\">OpenELIS Patient</a></p></div><p style=\"border: 1px #661aff solid; background-color: #e6e6ff; padding: 10px;\">moses Mutesa  Male, DoB: 1988-03-02 ( https://demo.openelis-global.org/pat_nationalId#NA121212)</p><hr/><table class=\"grid\"><tr><td style=\"background-color: #f3f5da\" title=\"Record is active\">Active:</td><td colspan=\"3\">true</td></tr><tr><td style=\"background-color: #f3f5da\" title=\"Other Ids (see the one above)\">Other Ids:</td><td colspan=\"3\"><ul><li><code>https://demo.openelis-global.org/pat_subjectNumber</code>/121213</li><li><code>https://demo.openelis-global.org/pat_stNumber</code>/121214</li><li><code>https://demo.openelis-global.org/pat_guid</code>/329f09da-0fc9-419d-9575-ace689544229</li><li><code>https://demo.openelis-global.org/pat_uuid</code>/329f09da-0fc9-419d-9575-ace689544269</li></ul></td></tr><tr><td style=\"background-color: #f3f5da\" title=\"Ways to contact the Patient\">Contact Detail</td><td colspan=\"3\">KING GREENWOOD WASHINGTON 98103 </td></tr></table></div>"
  },
  "identifier" : [{
    "system" : "https://demo.openelis-global.org/pat_nationalId",
    "value" : "NA121212"
  },
  {
    "system" : "https://demo.openelis-global.org/pat_subjectNumber",
    "value" : "121213"
  },
  {
    "system" : "https://demo.openelis-global.org/pat_stNumber",
    "value" : "121214"
  },
  {
    "system" : "https://demo.openelis-global.org/pat_guid",
    "value" : "329f09da-0fc9-419d-9575-ace689544229"
  },
  {
    "system" : "https://demo.openelis-global.org/pat_uuid",
    "value" : "329f09da-0fc9-419d-9575-ace689544269"
  }],
  "active" : true,
  "name" : [{
    "family" : "Mutesa",
    "given" : ["moses"]
  }],
  "gender" : "male",
  "birthDate" : "1988-03-02",
  "address" : [{
    "line" : ["KING"],
    "city" : "GREENWOOD",
    "state" : "WASHINGTON",
    "postalCode" : "98103"
  }]
}