{
  "resourceType": "Patient",
  "id": "329f09da-0fc9-419d-9575-ace68954426A",
  "meta": {
    "profile": [
      "http://i-tech-uw.github.io/openelis-global-ig/StructureDefinition/openelis-patient"
    ]
  },
  "text": {
    "status": "generated",
    "div": "<div xmlns=\"http://www.w3.org/1999/xhtml\"><p><b>moses Mutesa </b> female, DoB: 1988-03-02 ( id: NA121212)</p></div>"
  },
  "identifier": [
    {
      "system": "http://openelis-global.org/pat_nationalId",
      "value": "NA121212"
    },
    {
      "system": "http://openelis-global.org/pat_subjectNumber",
      "value": "121213"
    },
    {
      "system": "http://openelis-global.org/pat_stNumber",
      "value": "121214"
    },
    {
      "system": "http://openelis-global.org/pat_guid",
      "value": "329f09da-0fc9-419d-9575-ace689544229"
    },
    {
      "system": "http://openelis-global.org/pat_uuid",
      "value": "329f09da-0fc9-419d-9575-ace689544269"
    }
  ],
  "active": true,
  "name": [
    {
      "family": "Mutesa",
      "given": [
        "moses"
      ]
    }
  ],
  "gender": "female",
  "birthDate": "1988-03-02"
}