{
  "resourceType" : "Patient",
  "id" : "329f09da-0fc9-419d-9575-ace68954426A",
  "meta" : {
    "profile" : ["http://i-tech-uw.github.io/openelis-global-ig/StructureDefinition/openelis-patient"]
  },
  "text" : {
    "status" : "generated",
    "div" : "<div xmlns=\"http://www.w3.org/1999/xhtml\"><p style=\"border: 1px #661aff solid; background-color: #e6e6ff; padding: 10px;\"><b>moses Mutesa </b> male, DoB: 1988-03-02 ( id: NA121212)</p><hr/><table class=\"grid\"><tr><td style=\"background-color: #f3f5da\" title=\"Record is active\">Active:</td><td colspan=\"3\">true</td></tr><tr><td style=\"background-color: #f3f5da\" title=\"Other Ids (see the one above)\">Other Ids:</td><td colspan=\"3\"><ul><li>id: 121213</li><li>id: 121214</li><li>id: 329f09da-0fc9-419d-9575-ace689544229</li><li>id: 329f09da-0fc9-419d-9575-ace689544269</li></ul></td></tr><tr><td style=\"background-color: #f3f5da\" title=\"Ways to contact the Patient\">Contact Detail:</td><td colspan=\"3\">KING GREENWOOD WASHINGTON 98103 </td></tr></table></div>"
  },
  "identifier" : [{
    "system" : "http://openelis-global.org/pat_nationalId",
    "value" : "NA121212"
  },
  {
    "system" : "http://openelis-global.org/pat_subjectNumber",
    "value" : "121213"
  },
  {
    "system" : "http://openelis-global.org/pat_stNumber",
    "value" : "121214"
  },
  {
    "system" : "http://openelis-global.org/pat_guid",
    "value" : "329f09da-0fc9-419d-9575-ace689544229"
  },
  {
    "system" : "http://openelis-global.org/pat_uuid",
    "value" : "329f09da-0fc9-419d-9575-ace689544269"
  }],
  "active" : true,
  "name" : [{
    "family" : "Mutesa",
    "given" : ["moses"]
  }],
  "gender" : "male",
  "birthDate" : "1988-03-02",
  "address" : [{
    "line" : ["KING"],
    "city" : "GREENWOOD",
    "state" : "WASHINGTON",
    "postalCode" : "98103"
  }]
}