{
  "resourceType" : "Practitioner",
  "id" : "f185bb76-c298-4671-9be3-ccc94c0a9868",
  "meta" : {
    "profile" : ["http://i-tech-uw.github.io/openelis-global-ig/StructureDefinition/open-elispractitioner"]
  },
  "text" : {
    "status" : "generated",
    "div" : "<div xmlns=\"http://www.w3.org/1999/xhtml\"><p class=\"res-header-id\"><b>Generated Narrative: Practitioner f185bb76-c298-4671-9be3-ccc94c0a9868</b></p><a name=\"f185bb76-c298-4671-9be3-ccc94c0a9868\"> </a><a name=\"hcf185bb76-c298-4671-9be3-ccc94c0a9868\"> </a><a name=\"f185bb76-c298-4671-9be3-ccc94c0a9868-en-US\"> </a><p><b>name</b>: Moses Mutesasira </p><p><b>telecom</b>: <a href=\"tel:+256-83434121\">+256-83434121</a></p></div>"
  },
  "name" : [{
    "family" : "Mutesasira",
    "given" : ["Moses"]
  }],
  "telecom" : [{
    "system" : "phone",
    "value" : "+256-83434121"
  }]
}