<?xml version="1.0" encoding="UTF-8"?>

<Practitioner xmlns="http://hl7.org/fhir">
  <id value="f185bb76-c298-4671-9be3-ccc94c0a9868"/>
  <meta>
    <profile value="http://i-tech-uw.github.io/openelis-global-ig/StructureDefinition/open-elispractitioner"/>
  </meta>
  <text>
    <status value="generated"/><div xmlns="http://www.w3.org/1999/xhtml"><p class="res-header-id"><b>Generated Narrative: Practitioner f185bb76-c298-4671-9be3-ccc94c0a9868</b></p><a name="f185bb76-c298-4671-9be3-ccc94c0a9868"> </a><a name="hcf185bb76-c298-4671-9be3-ccc94c0a9868"> </a><a name="f185bb76-c298-4671-9be3-ccc94c0a9868-en-US"> </a><p><b>name</b>: Moses Mutesasira </p><p><b>telecom</b>: <a href="tel:+256-83434121">+256-83434121</a></p></div>
  </text>
  <name>
    <family value="Mutesasira"/>
    <given value="Moses"/>
  </name>
  <telecom>
    <system value="phone"/>
    <value value="+256-83434121"/>
  </telecom>
</Practitioner>