{
  "resourceType" : "Practitioner",
  "id" : "f185bb76-c298-4671-9be3-ccc94c0a9868",
  "meta" : {
    "profile" : ["http://digi-uw.github.io/openelis-global-ig/StructureDefinition/open-elispractitioner"]
  },
  "text" : {
    "status" : "generated",
    "div" : "<div xmlns=\"http://www.w3.org/1999/xhtml\"><p class=\"res-header-id\"><b>Generated Narrative: Practitioner f185bb76-c298-4671-9be3-ccc94c0a9868</b></p><a name=\"f185bb76-c298-4671-9be3-ccc94c0a9868\"> </a><a name=\"hcf185bb76-c298-4671-9be3-ccc94c0a9868\"> </a><a name=\"f185bb76-c298-4671-9be3-ccc94c0a9868-en-US\"> </a><div style=\"display: inline-block; background-color: #d9e0e7; padding: 6px; margin: 4px; border: 1px solid #8da1b4; border-radius: 5px; line-height: 60%\"><p style=\"margin-bottom: 0px\"/><p style=\"margin-bottom: 0px\">Profile: <a href=\"StructureDefinition-open-elispractitioner.html\">OpenELIS Practitioner</a></p></div><p><b>name</b>: Moses Mutesasira </p><p><b>telecom</b>: <a href=\"tel:+256-83434121\">+256-83434121</a></p></div>"
  },
  "name" : [{
    "family" : "Mutesasira",
    "given" : ["Moses"]
  }],
  "telecom" : [{
    "system" : "phone",
    "value" : "+256-83434121"
  }]
}