<?xml version="1.0" encoding="UTF-8"?>

<ServiceRequest xmlns="http://hl7.org/fhir">
  <id value="OpenElisServiceRequestExample"/>
  <meta>
    <profile value="http://i-tech-uw.github.io/openelis-global-ig/StructureDefinition/openelis-service-request"/>
  </meta>
  <text>
    <status value="generated"/><div xmlns="http://www.w3.org/1999/xhtml"><p class="res-header-id"><b>Generated Narrative: ServiceRequest OpenElisServiceRequestExample</b></p><a name="OpenElisServiceRequestExample"> </a><a name="hcOpenElisServiceRequestExample"> </a><a name="OpenElisServiceRequestExample-en-US"> </a><p><b>identifier</b>: <code>https://demo.openelis-global.org/analysis_uuid</code>/0a65ab46-179e-4506-9fa3-09d342268576, <code>https://demo.openelis-global.org/samp_labNo</code>/TESTA230000000001749</p><p><b>status</b>: Active</p><p><b>intent</b>: Original Order</p><p><b>priority</b>: Routine</p><p><b>code</b>: <span title="Codes:{http://loinc.org 24627-2}">CT Chest</span></p><p><b>subject</b>: <a href="Patient-329f09da-0fc9-419d-9575-ace68954426A.html">moses Mutesa  Male, DoB: 1988-03-02 ( https://demo.openelis-global.org/pat_nationalId#NA121212)</a></p><p><b>authoredOn</b>: 2023-02-03</p><p><b>requester</b>: <a href="Practitioner-f185bb76-c298-4671-9be3-ccc94c0a9868.html">Practitioner Moses Mutesasira </a></p><p><b>locationReference</b>: <a href="Location-LocationExample.html">Location Outpatient Clinic</a></p><p><b>specimen</b>: <a href="Specimen-OpenElisSpecimenExample.html">Specimen: identifier = https://demo.openelis-global.org/sampleItem_uuid#9df49e2d-57f7-4e7b-abb1-54d0a1933253; accessionIdentifier = https://demo.openelis-global.org/sampleItem_labNo#TESTA230000000001751; status = available; type = Plasma; receivedTime = 2023-03-03 07:03:00+0000</a></p></div>
  </text>
  <identifier>
    <system value="https://demo.openelis-global.org/analysis_uuid"/>
    <value value="0a65ab46-179e-4506-9fa3-09d342268576"/>
  </identifier>
  <identifier>
    <system value="https://demo.openelis-global.org/samp_labNo"/>
    <value value="TESTA230000000001749"/>
  </identifier>
  <status value="active"/>
  <intent value="original-order"/>
  <priority value="routine"/>
  <code>
    <coding>
      <system value="http://loinc.org"/>
      <code value="24627-2"/>
    </coding>
  </code>
  <subject>
    <reference value="Patient/329f09da-0fc9-419d-9575-ace68954426A"/>
  </subject>
  <authoredOn value="2023-02-03"/>
  <requester>
    <reference value="Practitioner/f185bb76-c298-4671-9be3-ccc94c0a9868"/>
  </requester>
  <locationReference>
    <reference value="Location/LocationExample"/>
  </locationReference>
  <specimen>
    <reference value="Specimen/OpenElisSpecimenExample"/>
  </specimen>
</ServiceRequest>