{
  "resourceType" : "Specimen",
  "id" : "OpenElisSpecimenExample",
  "meta" : {
    "profile" : ["http://i-tech-uw.github.io/openelis-global-ig/StructureDefinition/open-elis-specimen"]
  },
  "text" : {
    "status" : "generated",
    "div" : "<div xmlns=\"http://www.w3.org/1999/xhtml\"><p class=\"res-header-id\"><b>Generated Narrative: Specimen OpenElisSpecimenExample</b></p><a name=\"OpenElisSpecimenExample\"> </a><a name=\"hcOpenElisSpecimenExample\"> </a><a name=\"OpenElisSpecimenExample-en-US\"> </a><p><b>identifier</b>: <code>https://demo.openelis-global.org/sampleItem_uuid</code>/9df49e2d-57f7-4e7b-abb1-54d0a1933253</p><p><b>accessionIdentifier</b>: <code>https://demo.openelis-global.org/sampleItem_labNo</code>/TESTA230000000001751</p><p><b>status</b>: Available</p><p><b>type</b>: <span title=\"Codes:\">Plasma</span></p><p><b>subject</b>: <a href=\"Patient-329f09da-0fc9-419d-9575-ace68954426A.html\">moses Mutesa  Male, DoB: 1988-03-02 ( https://demo.openelis-global.org/pat_nationalId#NA121212)</a></p><p><b>receivedTime</b>: 2023-03-03 07:03:00+0000</p><p><b>request</b>: <a href=\"ServiceRequest-OpenElisServiceRequestExample.html\">ServiceRequest CT Chest</a></p><h3>Collections</h3><table class=\"grid\"><tr><td style=\"display: none\">-</td><td><b>Collected[x]</b></td></tr><tr><td style=\"display: none\">*</td><td>2023-02-03</td></tr></table></div>"
  },
  "identifier" : [{
    "system" : "https://demo.openelis-global.org/sampleItem_uuid",
    "value" : "9df49e2d-57f7-4e7b-abb1-54d0a1933253"
  }],
  "accessionIdentifier" : {
    "system" : "https://demo.openelis-global.org/sampleItem_labNo",
    "value" : "TESTA230000000001751"
  },
  "status" : "available",
  "type" : {
    "coding" : [{
      "system" : "http://loinc.org",
      "display" : "Plasma"
    }]
  },
  "subject" : {
    "reference" : "Patient/329f09da-0fc9-419d-9575-ace68954426A"
  },
  "receivedTime" : "2023-03-03T07:03:00Z",
  "request" : [{
    "reference" : "ServiceRequest/OpenElisServiceRequestExample"
  }],
  "collection" : {
    "collectedDateTime" : "2023-02-03"
  }
}