{
  "resourceType" : "ValueSet",
  "id" : "OpenELISTaskStatusVS",
  "text" : {
    "status" : "extensions",
    "div" : "<div xmlns=\"http://www.w3.org/1999/xhtml\"><ul><li>Include these codes as defined in <a href=\"CodeSystem-task-status-code-system.html\"><code>https://i-tech-uw.github.io/openelis-global2-fhir-ig/codesystem-task-status</code></a><table class=\"none\"><tr><td style=\"white-space:nowrap\"><b>Code</b></td><td><b>Display</b></td><td><b>Definition</b></td></tr><tr><td><a href=\"CodeSystem-task-status-code-system.html#task-status-code-system-ready\">ready</a></td><td>Ready</td><td>The task is ready to be performed, but no action has yet been taken</td></tr><tr><td><a href=\"CodeSystem-task-status-code-system.html#task-status-code-system-in-progress\">in-progress</a></td><td>In Pregress</td><td>The task has been started but is not yet complete.</td></tr><tr><td><a href=\"CodeSystem-task-status-code-system.html#task-status-code-system-completed\">completed</a></td><td>The task has been completed.</td><td>The task has been completed.</td></tr></table></li></ul></div>"
  },
  "url" : "http://i-tech-uw.github.io/openelis-global-ig/ValueSet/OpenELISTaskStatusVS",
  "version" : "0.1.0",
  "name" : "OpenELISTaskStatusVS",
  "title" : "Task Status Valueset",
  "status" : "active",
  "date" : "2023-02-20T01:58:23+00:00",
  "contact" : [{
    "name" : "I-TECH-UW",
    "telecom" : [{
      "system" : "url",
      "value" : "www.github.com/i-tech-uw"
    }]
  }],
  "description" : "Task Status Valueset",
  "compose" : {
    "include" : [{
      "system" : "https://i-tech-uw.github.io/openelis-global2-fhir-ig/codesystem-task-status",
      "concept" : [{
        "code" : "ready"
      },
      {
        "code" : "in-progress"
      },
      {
        "code" : "completed",
        "display" : "The task has been completed."
      }]
    }]
  }
}