{
  "resourceType" : "ValueSet",
  "id" : "open-elis-diagnostic-report--status-vs",
  "text" : {
    "status" : "extensions",
    "div" : "<div xmlns=\"http://www.w3.org/1999/xhtml\"><ul><li>Include these codes as defined in <a href=\"CodeSystem-diagnostic-report--status-code-system.html\"><code>https://i-tech-uw.github.io/openelis-global2-fhir-ig/codesystem-diagnostic-report-status</code></a><table class=\"none\"><tr><td style=\"white-space:nowrap\"><b>Code</b></td><td><b>Display</b></td><td><b>Definition</b></td></tr><tr><td><a href=\"CodeSystem-diagnostic-report--status-code-system.html#diagnostic-report--status-code-system-final\">final</a></td><td>Final</td><td>The report is complete and verified by an authorized person.</td></tr><tr><td><a href=\"CodeSystem-diagnostic-report--status-code-system.html#diagnostic-report--status-code-system-preliminary\">preliminary</a></td><td>Preliminary</td><td>Verified early results are available, but not all results are final.</td></tr><tr><td><a href=\"CodeSystem-diagnostic-report--status-code-system.html#diagnostic-report--status-code-system-registered\">registered</a></td><td>Registered</td><td>The existence of the report is registered, but there is nothing yet available.</td></tr><tr><td><a href=\"CodeSystem-diagnostic-report--status-code-system.html#diagnostic-report--status-code-system-unknown\">unknown</a></td><td>Unknown</td><td>The authoring/source system does not know which of the status values currently applies for this observation. Note: This concept is not to be used for &quot;other&quot; - one of the listed statuses is presumed to apply, but the authoring/source system does not know which.</td></tr></table></li></ul></div>"
  },
  "url" : "http://i-tech-uw.github.io/openelis-global-ig/ValueSet/open-elis-diagnostic-report--status-vs",
  "version" : "0.1.0",
  "name" : "OpenElisDiagnosticReportStatusVs",
  "title" : "Diagnostic Report Status Valueset",
  "status" : "active",
  "date" : "2023-03-03T05:49:08+00:00",
  "contact" : [{
    "name" : "I-TECH-UW",
    "telecom" : [{
      "system" : "url",
      "value" : "www.github.com/i-tech-uw"
    }]
  }],
  "description" : "OpenElis Diagnostic Report Status Valueset",
  "compose" : {
    "include" : [{
      "system" : "https://i-tech-uw.github.io/openelis-global2-fhir-ig/codesystem-diagnostic-report-status",
      "concept" : [{
        "code" : "final"
      },
      {
        "code" : "preliminary"
      },
      {
        "code" : "registered"
      },
      {
        "code" : "unknown"
      }]
    }]
  }
}