{
  "resourceType": "ValueSet",
  "id": "OpenELISTaskStatusVS",
  "text": {
    "status": "generated",
    "div": "<div xmlns=\"http://www.w3.org/1999/xhtml\"><ul><li>Include these codes as defined in <code>http://hl7.org/fhir/ValueSet/task-status</code><table class=\"none\"><tr><td style=\"white-space:nowrap\"><b>Code</b></td><td><b>Display</b></td></tr><tr><td>ready</td><td>The task is ready to be performed, but no action has yet been taken</td></tr><tr><td>in-progress</td><td>The task has been started but is not yet complete.</td></tr><tr><td>completed</td><td>The task has been completed.</td></tr></table></li></ul></div>"
  },
  "url": "http://i-tech-uw.github.io/openelis-global-ig/ValueSet/OpenELISTaskStatusVS",
  "version": "0.1.0",
  "name": "OpenELISTaskStatusVS",
  "title": "Task Status Valueset",
  "status": "active",
  "date": "2022-07-25T16:53:30+00:00",
  "contact": [
    {
      "name": "I-TECH-UW",
      "telecom": [
        {
          "system": "url",
          "value": "www.github.com/i-tech-uw"
        }
      ]
    }
  ],
  "description": "Task Status Valueset",
  "compose": {
    "include": [
      {
        "system": "http://hl7.org/fhir/ValueSet/task-status",
        "concept": [
          {
            "code": "ready",
            "display": "The task is ready to be performed, but no action has yet been taken"
          },
          {
            "code": "in-progress",
            "display": "The task has been started but is not yet complete."
          },
          {
            "code": "completed",
            "display": "The task has been completed."
          }
        ]
      }
    ]
  }
}