{
  "resourceType" : "ValueSet",
  "id" : "open-elis-service-request-intent-vs",
  "text" : {
    "status" : "extensions",
    "div" : "<div xmlns=\"http://www.w3.org/1999/xhtml\"><ul><li>Include these codes as defined in <a href=\"CodeSystem-task-intent-code-system.html\"><code>https://i-tech-uw.github.io/openelis-global2-fhir-ig/codesystem-task-intent</code></a><table class=\"none\"><tr><td style=\"white-space:nowrap\"><b>Code</b></td><td><b>Display</b></td><td><b>Definition</b></td></tr><tr><td><a href=\"CodeSystem-task-intent-code-system.html#task-intent-code-system-order\">order</a></td><td>Order</td><td>The request represents a request/demand and authorization for action by a Practitioner.</td></tr><tr><td><a href=\"CodeSystem-task-intent-code-system.html#task-intent-code-system-original-order\">original-order</a></td><td>Original-Order</td><td>The request represents an original authorization for action.</td></tr></table></li></ul></div>"
  },
  "url" : "http://i-tech-uw.github.io/openelis-global-ig/ValueSet/open-elis-service-request-intent-vs",
  "version" : "0.1.0",
  "name" : "OpenElisServiceRequestIntentVs",
  "title" : "Service Request Intent Valueset",
  "status" : "active",
  "date" : "2023-03-03T05:49:08+00:00",
  "contact" : [{
    "name" : "I-TECH-UW",
    "telecom" : [{
      "system" : "url",
      "value" : "www.github.com/i-tech-uw"
    }]
  }],
  "description" : "OpenElis Service Request Intent Valueset",
  "compose" : {
    "include" : [{
      "system" : "https://i-tech-uw.github.io/openelis-global2-fhir-ig/codesystem-task-intent",
      "concept" : [{
        "code" : "order"
      },
      {
        "code" : "original-order"
      }]
    }]
  }
}