{
  "resourceType" : "ValueSet",
  "id" : "open-elis-service-request-priority-vs",
  "text" : {
    "status" : "extensions",
    "div" : "<div xmlns=\"http://www.w3.org/1999/xhtml\"><ul><li>Include these codes as defined in <a href=\"CodeSystem-service-request-priority-code-system.html\"><code>https://i-tech-uw.github.io/openelis-global2-fhir-ig/codesystem-service-request-priority</code></a><table class=\"none\"><tr><td style=\"white-space:nowrap\"><b>Code</b></td><td><b>Display</b></td><td><b>Definition</b></td></tr><tr><td><a href=\"CodeSystem-service-request-priority-code-system.html#service-request-priority-code-system-routine\">routine</a></td><td>Routine</td><td>The request has normal priority.</td></tr></table></li></ul></div>"
  },
  "url" : "http://i-tech-uw.github.io/openelis-global-ig/ValueSet/open-elis-service-request-priority-vs",
  "version" : "0.1.0",
  "name" : "OpenElisServiceRequestPriorityVs",
  "title" : "Service Request priority Valueset",
  "status" : "active",
  "date" : "2023-03-05T22:47:16+00:00",
  "contact" : [{
    "name" : "I-TECH-UW",
    "telecom" : [{
      "system" : "url",
      "value" : "www.github.com/i-tech-uw"
    }]
  }],
  "description" : "OpenElis Service Request Priority Valueset",
  "compose" : {
    "include" : [{
      "system" : "https://i-tech-uw.github.io/openelis-global2-fhir-ig/codesystem-service-request-priority",
      "concept" : [{
        "code" : "routine"
      }]
    }]
  }
}